ID,Index,Name,Category,Retailer,Price,Current Gender,Current Age Bands,Interest Tags
"cmu5jmsvi00y7ksb0xkxx91p7",1,"Spot's First Little Library","Children","My 1st Years",6,"UNISEX","18+",""
"cmu5jmtf300yaksb0cfao7hui",2,"Montessori Stacking Toy Wooden Blocks","Children","Get Kidzly",14.98,"UNISEX","18+",""
"cmu5jmtyn00ydksb06tb01n05",3,"Happy Veggies Wooden Puzzle","Children","Sense Nest",17.99,"UNISEX","18+",""
"cmu5jmu8j00yfksb0mh0jopdm",4,"Personalised Bedtime For You Book","Children","Wonderbly",19.99,"UNISEX","18+",""
"cmu5jmuiq00yhksb0fpjr3802",5,"Peanut Penguin","Children","Official Jellycat Store",25,"UNISEX","18+",""
"cmu5jmuso00yjksb0tgev48gn",6,"Steiff Soft Cuddly Friends My First Hoppie Rabbit","Children","John Lewis",29.9,"UNISEX","18+",""
"cmu5jmvcc00ymksb0d7axtm8z",7,"Gaby Bath Toys","Children","Westwing",29.99,"UNISEX","18+",""
"cmu5jmvw300ypksb0cnbl0kot",8,"DreamHaven Canvas Play Teepee","Children","Cuddleberry",34.9,"FEMALE","18+",""
"cmu5jmwfy00ysksb0yw4eqo8b",9,"LEGO DUPLO 10914 Deluxe Brick Box Classic Building Bricks Set","Children","Smyths Toys",38.99,"MALE","18+",""
"cmu5jmx9k00yvksb0838zl7n1",10,"Janod Tropik - Multi Activity Trolley","Children","Hello Baby",72.99,"MALE","18+",""
"cmu5jmxjo00yxksb0bx2t6qf7",11,"Mini 3in1 Deluxe Ride On Scooter, Blue","Children","John Lewis",109.95,"UNISEX","18+",""
"cmu5jmy3i00z0ksb02g03u26j",12,"Petit Collage Carry Along Kitten Sketch Book Set","Children","Crafts 4 Kids",12.99,"UNISEX","18+",""
"cmu5jmynj00z3ksb0d8qixk27",13,"Farm Yard Tales Craft Kit","Children","Jacques",13.99,"UNISEX","18+",""
"cmu5jmyxh00z5ksb0sntqd5ai",14,"Kids Space Hopper - Super Heroes","Children","Crafts 4 Kids",16.5,"UNISEX","18+",""
"cmu5jmz7h00z7ksb0j907a8z8",15,"Educational Wooden Games - Djeco Crococroc","Children","Crafts 4 Kids",17.25,"UNISEX","18+",""
"cmu5jmzhh00z9ksb0n04k5tmd",16,"Jungle Dough Sensory Kids Craft Kit","Children","Crafts 4 Kids",19.95,"UNISEX","18+",""
"cmu5jmzrl00zbksb0uiddevai",17,"Hot Wheels Monster Trucks 1:64 Trophy Champions Collection","Children","Smyths Toys",23.99,"MALE","18+",""
"cmu5jn01j00zdksb09f1vom82",18,"Pup Squad Racers Gift Set","Children","John Lewis",24.99,"MALE","18+",""
"cmu5jn0bg00zfksb0ckeeh8l7",19,"Super Mario Deluxe Bowser's Airship Playset","Children","Smyths Toys",29.99,"MALE","18+",""
"cmu5jn0v500ziksb0dbyzi8h8",20,"Montessori Colour Puzzle with Challenge Cards","Children","Jackie's Kids",34.9,"UNISEX","18+",""
"cmu5jn1f300zlksb0c3lwqjn8",21,"Hot Wheels City Hot Wheels Ultimate Dual Dragon Transporter and Cars Playset","Children","The Entertainer",39,"MALE","18+",""
"cmu5jn1z200zoksb0vkdsdlqo",22,"LEGO® DUPLO® 10459 Bluey: Bluey’s Family House","Children","Frasers",42,"UNISEX","18+",""
"cmu5jn29100zqksb0ki4ggxeh",23,"Brio World Animal Farm Wooden Train Set, FSC-Certified","Children","John Lewis",74.99,"MALE","18+",""
"cmu5jn2j300zsksb0041lu022",24,"PAW Patrol My Size Lookout Tower with Chase Figure and Vehicle","Children","Smyths Toys",79.99,"MALE","18+",""
"cmu5jn2wi00zuksb0kkjhcbk4",25,"NERF Marvel Spider-Man Strike 'N Splash Blaster","Children","Smyths Toys",9.99,"MALE","18+",""
"cmu5jn36f00zwksb0nzqhsjr2",26,"Tumble Tower Game - Wooden Animal Blocks & Dice","Children","Jacques",19.99,"UNISEX","18+",""
"cmu5jn3ge00zyksb0flx7a6nf",27,"LEGO Creator 3 in 1 Fierce Dinosaur Construction Set","Children","The Entertainer",20,"MALE","18+",""
"cmu5jn4020101ksb0vp1jgeqr",28,"The Peter Rabbit Library","Children","Beatrix Potter Shop",25,"UNISEX","18+",""
"cmu5jn49w0103ksb060wsyo3q",29,"Djeco Guitar - 6 Metal Strings","Children","Crafts 4 Kids",29.99,"UNISEX","18+",""
"cmu5jn4ju0105ksb0qlyvsv9t",30,"Marvel Spider-Man Remote Control Skateboard Figure Set","Children","Smyths Toys",29.99,"MALE","18+",""
"cmu5jn53q0108ksb06sasdhfh",31,"Woody Interactive Talking Action Figure, Toy Story","Children","Disney Store",37,"MALE","18+",""
"cmu5jn5dm010aksb0yu1xuw9q",32,"Hot Wheels City Hot Wheels Ultimate Dual Dragon Transporter and Cars Playset","Children","Disney Store",39,"MALE","18+",""
"cmu5jn5nh010cksb04tmxkd3s",33,"Neon Creative Wall Art Video Game Controller","Children","Crafts 4 Kids",14.99,"MALE","18+",""
"cmu5jn76g010fksb0qlc24a75",34,"Tovla Jr. Montessori Pizza-Making Kit","Children","True Toys",14.99,"UNISEX","18+",""
"cmu5jn7ic010hksb0355op6fu",35,"My Magic Show Set - 20 Tricks","Children","Crafts 4 Kids",19.99,"UNISEX","18+",""
"cmu5jn7s8010jksb0m55h18r6",36,"Laser X Revolution Laser Tag Double Blasters 2 Pack","Children","Smyths Toys",29.99,"MALE","18+",""
"cmu5jn82c010lksb0icddazbh",37,"Moulin Roty Giant Soap Bubbles Set","Children","Crafts 4 Kids",29.99,"UNISEX","18+",""
"cmu5jn8ca010nksb0tmdpz6zl",38,"Urban Return Ball","Children","Very.co.uk",38.99,"MALE","18+",""
"cmu5jn95y010qksb0ds8ehs9v",39,"Antarctic Animals Science Kit","Children","Lego",44.99,"MALE","18+",""
"cmu5jn9py010tksb0pnm7133u",40,"loog mini acoustic","Children","loog",90,"UNISEX","18+",""
"cmu5jnaa5010wksb0tti73f80",41,"School of Icing Class","Children","Biscuiteers",95,"FEMALE","5-10; 11-17",""
"cmu5jnaty010zksb0w6nozr0t",42,"Aerobie Pro Ring","Children","Oddballs",12.99,"MALE","5-10; 11-17",""
"cmu5jnbds0112ksb0azx58w1o",43,"Anime Pinball","Children","The Range",14.99,"MALE","5-10; 11-17",""
"cmu5jnbqj0114ksb06ev04l2i",44,"Double Dance Mat Dance Game","Children","The Range",24.99,"UNISEX","5-10; 11-17",""
"cmu5jne4f0117ksb09bs54sdw",45,"Ultimate Go Karting Race Experience","Children","TeamSport",30,"MALE","5-10; 11-17",""
"cmu5jnfbz0119ksb0dcazy4ge",46,"Hydraulic Robot Arm","Children","The Range",33.4,"MALE","5-10; 11-17",""
"cmu5jngns011cksb0p2c10c48",47,"Kids' Ages 8 to 12 Years Skateboard","Children","Decathlon",59.99,"MALE","5-10; 11-17",""
"cmu5jnh6t011eksb0dbgw3ogk",48,"Kids Interactive, Inflatable LED Punch Bag","Children","The Range",59.99,"MALE","5-10; 11-17",""
"cmu5jnhqh011gksb0gi84o6o9",49,"OXELO Kids' Scooter","Children","Decathlon",69.99,"MALE","5-10; 11-17",""
"cmu5jnizl011jksb0p1yrzqwz",50,"Spiekball Pro Set","Children","Lightning Sports",79.95,"MALE","5-10; 11-17",""
"cmu5jnjv3011lksb0rmqy7ahd",51,"Discovering Stem - Architecture Set","Children","The Range",99.99,"MALE","5-10; 11-17",""
"cmu5jnkh9011oksb0isheit1h",52,"Personalised Rag Doll, Brook","Children","Babyblooms",32,"FEMALE","18+",""
"cmu5jnl6l011qksb0m8t0spij",53,"Mini 3in1 Deluxe Ride On Scooter, Pink","Children","John Lewis",109.95,"FEMALE","18+",""
"cmu5jnlnm011sksb0tyvfw2cq",54,"Pokemon Pikachu 8" Plush Soft Toy","Children","John Lewis",13.99,"UNISEX","18+",""
"cmu5jnly1011uksb05ws4vtuf",55,"Peppa Pig Wooden Tea Party Set","Children","John Lewis",16.99,"FEMALE","18+",""
"cmu5jnma3011wksb0lipqngmh",56,"Djeco Musical Boxes - Melody of the Woods","Children","Crafts 4 Kids",24.5,"FEMALE","18+",""
"cmu5jnmx6011zksb09xbx8c01",57,"Liewood - Lennart Doctor Set","Children","No.14 Ampthill",28,"FEMALE","18+",""
"cmu5jnnhm0122ksb0gki4edfh",58,"Strawberry Basket Bag","Children","Meri  Meri",36,"FEMALE","18+",""
"cmu5jnnsk0124ksb0r8020rki",59,"Fairy Wings Costume","Children","Meri  Meri",30,"FEMALE","18+",""
"cmu5jno2n0126ksb05yhal8vg",60,"Bluey 3 in 1 Transforming Plane","Children","The Entertainer",45,"UNISEX","18+",""
"cmu5jnomr0128ksb04ohomgg4",61,"Bluey's Family House with Memory Game","Children","Lego",59.99,"FEMALE","18+",""
"cmu5jnpag012aksb0cdn5xz1f",62,"Djeco Wooden Toy Piano","Children","Crafts 4 Kids",76.49,"UNISEX","18+",""
"cmu5jnq4b012dksb0s5j6zhrr",63,"BANWOOD BALANCE BIKE FIRST GO VINTAGE - PINK","Children","Banwood",109,"FEMALE","18+",""
"cmu5jnqee012fksb0ebi0irxx",64,"Djeco Do It Yourself - Funky Family - 15 Magnets to Decorate","Children","Crafts 4 Kids",13.99,"FEMALE","18+",""
"cmu5jnqod012hksb0i8fp29nk",65,"Djeco Inspired By Frida Kahlo - 3D Pictures","Children","Crafts 4 Kids",15.75,"FEMALE","18+",""
"cmu5jnrbz012kksb07b3fnb0t",66,"Pink PAW Patrol Skye Backpack","Children","Next",21,"FEMALE","18+",""
"cmu5jnrns012mksb0qhv0fjmx",67,"Wooden Shuffleboard & Puck 2 in 1 Game","Children","Crafts 4 Kids",26.5,"FEMALE","18+",""
"cmu5jnsaa012pksb0oj4477ku",68,"Great Pretenders The 5th Avenue Paillette Cape","Children","Daisy Daisy",32,"FEMALE","18+",""
"cmu5jnvfq012sksb0n5tnbr8f",69,"Liewood Dante Silicone Beach Set","Children","Alf & Co",39,"UNISEX","18+",""
"cmu5jnx16012uksb0ozjhokkp",70,"Vtech Kidi® Dj Drums","Children","hamleys.com",59.99,"UNISEX","18+",""
"cmu5jnyby012wksb0t41nf8vu",71,"Vtech Kidizoom Printcam","Children","hamleys.com",79.99,"UNISEX","18+",""
"cmu5jnyn0012yksb02vx4u592",72,"EUGY Whale Shark - Kids Cardboard Craft Kit","Children","Crafts 4 Kids",6.99,"UNISEX","18+",""
"cmu5jo52f0130ksb0cz92lhwd",73,"Janod Kawaii Create Your Own Origami Boxes","Children","Crafts 4 Kids",8.5,"FEMALE","18+",""
"cmu5jo5fs0132ksb015b13hk0",74,"Moulin Roty Giant Soap Bubbles Set","Children","Crafts 4 Kids",29.99,"FEMALE","18+",""
"cmu5jo5pg0134ksb061i7n3a5",75,"K-Pop Demon Hunters HUNTR/X Rumi","Children","Very.co.uk",29.99,"FEMALE","18+",""
"cmu5jo6iw0137ksb07zj8rkwi",76,"KIDYKARAOKE Portable Karaoke Speaker Green by Kidywolf","Children","Little Concepts",64.98,"FEMALE","18+",""
"cmu5jo6sy0139ksb08ueu9s1h",77,"Power Pony Electric Ride On Princess","Children","Smyths Toys",399.99,"FEMALE","18+",""
"cmu5jo731013bksb0dbch1pkh",78,"Aerobie Pro Ring","Children","Oddballs",12.99,"UNISEX","5-10; 11-17",""
"cmu5jo7mu013eksb0vwovwpcs",79,"Quad Roller Skates","Children","Oli's Skate Shop",39.95,"FEMALE","5-10; 11-17",""
"cmu5jo87d013hksb0tzl02y4z",80,"Skate Lesson","Children","Bay Sixty56",49,"UNISEX","5-10; 11-17",""
"cmu5jo8hk013jksb08wpgcnsx",81,"OXELO Kids' Scooter","Children","Decathlon",69.99,"UNISEX","5-10; 11-17",""
"cmu5jo8rj013lksb03mv7r1yc",82,"The Craft Adventure Box","Children","thecraftadventurebox.com",20,"UNISEX","5-10; 11-17",""
"cmu5jo9bd013oksb0bxu9jtr4",83,"History Subscription Box for ages 6-11; learn through story driven adventures","Children","Mysteries in Time",15,"UNISEX","5-10; 11-17",""