ID,Index,Name,Category,Retailer,Price,Current Gender,Current Age Bands,Age Restricted,Interest Tags
"cmu5bz8tn0002ksb0uh7gdzgx",1,"Cole Mason Clavering Granite Pestle & Mortar","Food & Drink > Cooking & Food","Borough Kitchen",39,"UNISEX","18+",false,""
"cmu5bz9c00004ksb0mf9x6j1n",2,"The Taste of Fortnum's Hamper","Food & Drink > Cooking & Food","fortnumandmason.com",75,"UNISEX","18+",false,""
"cmu5bz9l70006ksb0p21hrcg0",3,"Larousse Gastro by Prosper Montagné","Food & Drink > Cooking & Food","fortnumandmason.com",76,"UNISEX","18+",false,""
"cmu5bz9uf0008ksb058qa04ur",4,"Borough Kitchen Chopping Board Set of 3 / Black","Food & Drink > Cooking & Food","Borough Kitchen",99,"UNISEX","18+",false,""
"cmu5bzacw000bksb0hsw1dij2",5,"Pasta Evangelists Cookery Class with Bottomless Prosecco for Two at the Pasta Academy","Food & Drink > Cooking & Food","buyagift",136.99,"UNISEX","18+",false,""
"cmu5bzavb000eksb0xpeuyozu",6,"Plant Based Masterclass in a Michelin Starred Restaurant","Food & Drink > Cooking & Food","Class Bento",165,"UNISEX","18+",false,""
"cmu5bzb4j000gksb04um19t00",7,"Kai Shun Premier Chef & Utility Knife Set","Food & Drink > Cooking & Food","Borough Kitchen",299,"UNISEX","18+",false,""
"cmu5bzbn3000jksb00j8vweak",8,"OoniKoda 12 Gas Fuel Portable Outdoor Pizza Oven","Food & Drink > Cooking & Food","John Lewis",299,"UNISEX","18+",false,""
"cmu5bzc5m000mksb08vyu49lu",9,"Cook and Dine: Beef Wellington masterclass for two","Food & Drink > Cooking & Food","Gordon Ramsay Academy",350,"UNISEX","18+",false,""
"cmu5bzco6000pksb0mtphku2r",10,"Vitamix Ascent A3500i Blender and Accessories Bundle","Food & Drink > Cooking & Food","Harrods",899,"UNISEX","18+",false,""
"cmu5bzcxf000rksb00m75ynfk",11,"Big Green Egg Mini-Max with Foldable Stand","Food & Drink > Cooking & Food","Borough Kitchen",1115,"UNISEX","18+",false,""
"cmu5bzdga000uksb0uzi8x6mj",12,"Coravin Model Six+ Hermitage Red Limited Edition","Food & Drink > Wines, beers & drinks","The Waterside Inn",299.99,"UNISEX","18+",false,""
"cmu5bzdyp000xksb07m7weu30",13,"Biddenden Vineyard's Private Guided Tour (per person)","Food & Drink > Wine, beer & drinks","Biddenden",48,"UNISEX","18+",false,""
"cmu5bzeh30010ksb009sc0u02",14,"BERNADOTTE Wine Opener - Design Inspired by Sigvard Bernadotte","Food & Drink > Wine, beer & drinks","Georg Jensen",49,"UNISEX","18+",false,""
"cmu5bzeq90012ksb03obg1spn",15,"Multi-Sensory Lab Wine Tasting Experience","Food & Drink > Wine, beer & drinks","Class Bento",65,"UNISEX","18+",false,""
"cmu5bzezh0014ksb0psmebggb",16,"Swan Red Wine Decanter","Food & Drink > Wine, beer & drinks","Borough Kitchen",79,"UNISEX","18+",false,""
"cmu5bzfhu0017ksb0mcg26vk0",17,"Clapton Craft 24 Pack of Beers","Food & Drink > Wine, beer & drinks","Clapton Craft",80,"UNISEX","18+",false,""
"cmu5bzg08001aksb066iomnco",18,"Whisky and Beer Pairing Masterclass for Two at Brewhouse and Kitchen","Food & Drink > Wine, beer & drinks","Virgin Experience",82.5,"UNISEX","18+",false,""
"cmu5bzgip001dksb051tieeqs",19,"Bordeau Masters: Margaux and Pomerol","Food & Drink > Wine, beer & drinks","Perfect Cellar",88.39,"UNISEX","18+",false,""
"cmu5bzh14001gksb0wwea65md",20,"Wine Bestsellers Mix","Food & Drink > Wine, beer & drinks","Laithwaites",95.88,"UNISEX","18+",false,""
"cmu5bzhjk001jksb03pmwcfjs",21,"Young wine carafe 25,4oz - 25,4o","Food & Drink > Wine, beer & drinks","Peugeot",99.99,"UNISEX","18+",false,""
"cmu5bzhsq001lksb02qb5z1dl",22,"Zalto Burgundy Wine Glasses / Set of 2","Food & Drink > Wine, beer & drinks","Borough Kitchen",105,"UNISEX","18+",false,""
"cmu5bzikg001oksb0s0ouqq2d",23,"Fizzics DraftPour Beer Dispenser","Food & Drink > Wine, beer & drinks","Lakeland",109.99,"UNISEX","18+",false,""
"cmu5bzj2x001rksb0zni86euv",24,"L'Atelier du Vin, Oeno Motion, Corkscrew Gift Box, Chrome & Wood","Food & Drink > Wine, beer & drinks","David Shuttle",119,"UNISEX","18+",false,""
"cmu5bzjlb001uksb0wro9fny1",25,"Estate Tour with lunch","Food & Drink > Wine, beer & drinks","Gusbourne",120,"UNISEX","18+",false,""
"cmu5bzk3s001xksb0raezcdka",26,"Veuve Clicquot Yellow Label Magnum 150cl - In Black Gift Box","Food & Drink > Wine, beer & drinks","The Champagne and Gift Company",140,"UNISEX","18+",false,""
"cmu5bzkcy001zksb0i88gi5qk",27,"Six-Month Six-Pack Craft Beer Club Subscription from Best of British Beer","Food & Drink > Wine, beer & drinks","buyagift",149.99,"UNISEX","18+",false,""
"cmu5bzkvc0022ksb04nbpy62m",28,"Premium Drinks Cool Box","Food & Drink > Wine, beer & drinks","The Newt in Somerset",179,"UNISEX","18+",false,""
"cmu5bzldq0025ksb0q3elv9g5",29,"Barwell Cut Crystal Champagne Coupe, Set of Four","Food & Drink > Wine, beer & drinks","Soho Home",195,"UNISEX","18+",false,""
"cmu5bzlw50028ksb0m7eydblj",30,"Laguiole En Aubrac Sommelier Waiter's Corkscrew, Red Pakawood Handle, Wine Opener with Foil Cutter & Bottle Opener","Food & Drink > Wine, beer & drinks","Amazon",205,"UNISEX","18+",false,""
"cmu5bzmel002bksb0xdphatym",31,"6 x Lehmann Synergie 60cl Collection Signature P. Jamesse","Food & Drink > Wine, beer & drinks","Sip Champagnes",290,"UNISEX","18+",false,""
"cmu5bzmwz002eksb0j48por0i",32,"Matcha Tea Set","Food & Drink > Coffee & Tea","GRIND",40,"UNISEX","18+",false,""
"cmu5bznfc002hksb04oeostok",33,"ZENS Modern Glass Infuser Teapot, One Touch Tea Maker for Loose Leaf Tea with Insulated Mug and Portable Case. Enchanted Pot Alternatives for Tea Lover Gifts","Food & Drink > Coffee & Tea","Ubuy",40,"UNISEX","18+",false,""
"cmu5bznxq002kksb06yk7s2gr",34,"The Daily Ritual Hamper - Filter Grind","Food & Drink > Coffee & Tea","Bro Coffee",50,"UNISEX","18+",false,""
"cmu5bzog3002nksb071jnuf3e",35,"Titanium French Press","Food & Drink > Coffee & Tea","Snow Peak",53,"UNISEX","18+",false,""
"cmu5bzoyh002qksb0nvubxtzd",36,"Small coffee mug in ceramic","Food & Drink > Coffee & Tea","YSL",70,"UNISEX","18+",false,""
"cmu5bzpgw002tksb008hr8f3g",37,"Brew Cafetiere","Food & Drink > Coffee & Tea","Tom Dixon",90,"UNISEX","18+",false,""
"cmu5bzpzd002wksb0fovn344b",38,"Kusmi Tea","Food & Drink > Coffee & Tea","Selfridges",99.99,"UNISEX","18+",false,""
"cmu5bzq8t002yksb0okbnp03o",39,"Six Months of Grind Coffee - Whole Bean or Ground Coffee","Food & Drink > Coffee & Tea","buyagift",108,"UNISEX","18+",false,""
"cmu5bzqi50030ksb0frvob9zx",40,"BERNADOTTE Set: Teapot and Cups - Design Inspired by Sigvard Bernadotte","Food & Drink > Coffee & Tea","Georg Jensen",109,"UNISEX","18+",false,""
"cmu5bzrm60032ksb0gx8mfwie",41,"NEWBYx Matthew Williamson Trio Loose Leaf Tea Gift","Food & Drink > Coffee & Tea","Harrods",110,"UNISEX","18+",false,""
"cmu5bzs4m0035ksb0dyg19aq6",42,"The Rare Tea Gift Collection","Food & Drink > Coffee & Tea","Not On The High Street",124.99,"UNISEX","18+",false,""
"cmu5bzsmz0038ksb0vea06fe6",43,"Comandante C40 Nitro Blade Coffee Grinder MK4 (Black)","Food & Drink > Coffee & Tea","Comandante",249,"UNISEX","18+",false,""
"cmu5bzsw5003aksb023jpp3ef",44,"SageBarista Express Bean to Cup Coffee Machine, Brushed Stainless Steel","Food & Drink > Coffee & Tea","John Lewis",499.95,"UNISEX","18+",false,""
"cmu5bztei003dksb0hdynnnit",45,"Ultimate Bar Book","Food & Drink > Spirits & Cocktails","Blackwell's",14.99,"UNISEX","18+",false,""
"cmu5bzu5z003gksb0qzhj5s78",46,"GLAZER mini Classic Ice","Food & Drink > Spirits & Cocktails","Ori Future",23,"UNISEX","18+",false,""
"cmu5bzuoc003jksb0rf51u5q1",47,"Parisian Green and Gold Cocktail Shaker Set – 6 Piece","Food & Drink > Spirits & Cocktails","Vonhaus",24.99,"UNISEX","18+",false,""
"cmu5bzuxj003lksb0sa7xtss4",48,"Cocktail Ball Ice Cubes (Set of 2)","Food & Drink > Spirits & Cocktails","Harrods",25,"UNISEX","18+",false,""
"cmu5bzv6s003nksb0mw4kwgg1",49,"Riedel Bar Neat Glass x2","Food & Drink > Spirits & Cocktails","hedonism.co.uk",32.5,"UNISEX","18+",false,""
"cmu5bzvp7003qksb0pjikrjz2",50,"Riedel Gin Glasses x 4","Food & Drink > Spirits & Cocktails > Gin","art of living",35.95,"UNISEX","18+",false,""
"cmu5bzvyf003sksb08lmlrr3d",51,"Spiegelau Specialist Gin and Tonic Glass x 4","Food & Drink > Spirits & Cocktails > Gin","art of living",40,"UNISEX","18+",false,""
"cmu5bzwgt003vksb0qmjlpmi4",52,"The Rumbler Glass, x 2 - The Speciality Rum Glass","Food & Drink > Spirits & Cocktails > Rum","Dartington",50,"UNISEX","18+",false,""
"cmu5bzwq1003xksb0a2j6r2z8",53,"Whisky Blending Experience","Food & Drink > Spirits & Cocktails > Whisky","Class Bento",75,"UNISEX","18+",false,""
"cmu5bzx8v0040ksb0wtt778tl",54,"Rum Blending Experience","Food & Drink > Spirits & Cocktails > Rum","London Distillery School",95,"UNISEX","18+",false,""
"cmu5bzxr80043ksb0759ji9zm",55,"Appleton Estate 21 Year Old Rum","Food & Drink > Spirits & Cocktails > Rum","Whisky World",99.9,"UNISEX","18+",false,""
"cmu5bzy0f0045ksb0oyzcf5md",56,"Create your Own Gin at the Shakespeare Distillery Gin School with Tour and Tastings","Food & Drink > Spirits & Cocktails > Gin","Virgin Experience",107,"UNISEX","18+",false,""
"cmu5bzyiu0048ksb0od835556",57,"Cocktail Masterclass at Gordon Ramsay Restaurants","Food & Drink > Spirits & Cocktails","Gordon Ramsay",120,"UNISEX","18+",false,""
"cmu5bzys2004aksb0tp7ghq8y",58,"MAP Maison Japanese Whisky Tasting Masterclass for Two","Food & Drink > Spirits & Cocktails > Whisky","Virgin Experience",132,"UNISEX","18+",false,""
"cmu5bzz1o004cksb0elbwlndh",59,"Titanium Curved Flask","Food & Drink > Spirits & Cocktails","Snow Peak",140,"UNISEX","18+",false,""
"cmu5bzzk1004fksb0au6pqon2",60,"Bonpland Cuba Sancti Spiritus 1999 Rum","Food & Drink > Spirits & Cocktails > Whisky","Whisky Exchange",145,"UNISEX","18+",false,""
"cmu5c002f004iksb0ov9j308k",61,"Personalised Renfrew Whisky Decanter with Walnut Base","Food & Drink > Spirits & Cocktails > Whisky","Engravers Guild",175,"UNISEX","18+",false,""
"cmu5c00ku004lksb07c3qpgq5",62,"Private bespoke whisky tours","Food & Drink > Spirits & Cocktails > Whisky","Scotland's Wild",800,"UNISEX","18+",false,""
"cmu5c0137004oksb0deezkxt7",63,"Sweet Sleep Gift Box","Lifestyle & Wellbeing > Sustainability & eco living","Out of the Box Gifts",43,"FEMALE","18+",false,""
"cmu5c01lj004rksb085tgjp0s",64,"ReSpiin Recycled Wool Throw - 130cm x 170cm - Mulberry","Lifestyle & Wellbeing > Sustainability & eco living","Green Tulip",49,"UNISEX","18+",false,""
"cmu5c023w004uksb0vkec5cj6",65,"Luxury Beard Oil Gift Set","Lifestyle & Wellbeing > Beauty & skincare","Lord of the Beards",49,"MALE","18+",false,""
"cmu5c02m9004xksb0gkmu9jl7",66,"Men’s Skin Care Heroes","Lifestyle & Wellbeing > Sustainability & eco living","Green People",53,"MALE","18+",false,""
"cmu5c034n0050ksb0o9glib73",67,"Sustainable Non-Slip Jute Yoga Mat CompleteGrip™","Lifestyle & Wellbeing > Sustainability & eco living","Complete Unity Yoga",66.99,"UNISEX","18+",false,""
"cmu5c03n20053ksb0nu4ic103",68,"Men's Grooming Ritual","Lifestyle & Wellbeing > Sustainability & eco living","Ervaia",80,"MALE","18+",false,""
"cmu5c045f0056ksb0gjc46ma7",69,"The Lovat (one of the best green and sustainable hotels in the UK, dedicated to eco-friendly practices and carbon neutrality.)","Lifestyle & Wellbeing > Sustainability & eco living","The Lovat",100,"UNISEX","18+",false,""
"cmu5c04nu0059ksb0k4ljosi1",70,"Suri Electric Toothbrush (plant-based)","Lifestyle & Wellbeing > Sustainability & eco living","Suri",105,"UNISEX","18+",false,""
"cmu5c0567005cksb0q6fu0jxx",71,"MV Siren™ Muse Slim Cuff (recycled gold vermeil)","Lifestyle & Wellbeing > Jewellery","Monica Vinader",159,"FEMALE","18+",false,""
"cmu5c05ok005fksb0jo56r3wc",72,"Men's Portell Wool Fleece Jacket","Lifestyle & Wellbeing > Sustainability & eco living","Finisterre",195,"MALE","18+",false,""
"cmu5c06g4005iksb0b15yyyer",73,"The Banyan Wood Watch","Lifestyle & Wellbeing > Sustainability & eco living","Ziracle",299,"MALE","18+",false,""
"cmu5c06yk005lksb0oeu8hp9h",74,"Leather Home and Away Gift Set","Lifestyle & Wellbeing > Fashion & accessories","Paradise Row London",390,"UNISEX","18+",false,""
"cmu5c07gz005oksb0xcirnbsi",75,"Frosted Bracelet","Lifestyle & Wellbeing > Sustainability & eco living","La Maison Couture",495,"UNISEX","18+",false,""
"cmu5c07zh005rksb00ic1c2ez",76,"Beautiful Raw Selenite Crystal Wand Stick","Lifestyle & Wellbeing > Spirituality","Luxe Co",15,"UNISEX","18+",false,""
"cmu5c088n005tksb0upe8p8e1",77,"Mindful Affirmations","Lifestyle & Wellbeing > Spirituality","Healf",20.99,"UNISEX","18+",false,""
"cmu5c08r1005wksb0ynq6zzg6",78,"Inner Bloom (Sandalwood, Lavender) | Ume Premium Incense","Lifestyle & Wellbeing > Spirituality","Lotus Zen",25,"UNISEX","18+",false,""
"cmu5c099e005zksb0v6owldiz",79,"Incense Cones Set - Palo Santo","Lifestyle & Wellbeing > Spirituality","Yoga Matters",26,"UNISEX","18+",false,""
"cmu5c09so0062ksb0r2trs8qd",80,"Energising Boost Wellbeing Gift Set","Lifestyle & Wellbeing > Beauty & skincare","Norfolk Natural Living",39,"UNISEX","18+",false,""
"cmu5c0b5l0065ksb0r2qv2yhp",81,"Crystal Infused Glass Water Bottle","Lifestyle & Wellbeing > Spirituality","Debenhams",40.99,"UNISEX","18+",false,""
"cmu5c0bny0068ksb0pgbncv3s",82,"Personalized Birthdate Book","Lifestyle & Wellbeing > Spirituality","Birthdate Co",75,"UNISEX","18+",false,""
"cmu5c0bx5006aksb00e9uvbcd",83,"Marin Montagut The Tarot of Marseille","Lifestyle & Wellbeing > Spirituality","Liberty",80,"UNISEX","18+",false,""
"cmu5c0c6c006cksb0dnnuyx7o",84,"Zafu Meditation Cushion, Blanket & Eye Pillow Kit","Lifestyle & Wellbeing > Spirituality","Yoga Matters",81,"UNISEX","18+",false,""
"cmu5c0cop006fksb0mlxmqscz",85,"Aromotherapy diffuser","Lifestyle & Wellbeing > Home & interiors","Rituals",114.9,"UNISEX","18+",false,""
"cmu5c0d72006iksb0a55c80lo",86,"Chakra Tuning Forks Set of 9","Lifestyle & Wellbeing > Spirituality","Sound Therapy Shop",125,"UNISEX","18+",false,""
"cmu5c0dgb006kksb0jp11wp0w",87,"Level 1 Foundation In Sound Healing Starter Kit","Lifestyle & Wellbeing > Spirituality","Sound Therapy Shop",175.75,"UNISEX","18+",false,""
"cmu5c0dyq006nksb0yk89djsa",88,"Essential Serenity Massage, Thermal Baths and Aromatherapy Experience","Lifestyle & Wellbeing > Beauty & skincare","Aire Baths",190,"UNISEX","18+",false,""
"cmu5c0e7x006pksb0usue3g9v",89,"Online Certified Level 1 Course: Foundations Of Integral Sound Healing with Tibetan Singing Bowls","Lifestyle & Wellbeing > Spirituality","Sound Therapy Shop",234,"UNISEX","18+",false,""
"cmu5c0eqk006sksb05joel0je",90,"Amethyst Cathedral","Lifestyle & Wellbeing > Spirituality","Moon and Earth Crystals",365,"UNISEX","18+",false,""
"cmu5c0f8z006vksb00o89gtu1",91,"Cologne Intense Discovery Collection","Lifestyle & Wellbeing > Beauty & Skincare","Jo Malone",25,"MALE","18+",false,""
"cmu5c0fi6006xksb0yqtgcjct",92,"Aesop Resurrection Aromatique Hand Wash 500ml","Lifestyle & Wellbeing > Beauty & Skincare","Selfridges",34,"UNISEX","18+",false,""
"cmu5c0frd006zksb090golt6d",93,"ENDYMION SHAVING CREAM","Lifestyle & Wellbeing > Beauty & Skincare","penhaligons.com",38,"MALE","18+",false,""
"cmu5c0g0k0071ksb0t0nbxsf5",94,"Tom Ford For Men Oud Wood Conditioning Beard Oil, 30ml","Lifestyle & Wellbeing > Beauty & Skincare","John Lewis",49,"MALE","18+",false,""
"cmu5c0gj00074ksb0ik43til2",95,"GROOMING SET","Lifestyle & Wellbeing > Beauty & Skincare","Le Labo",80,"MALE","18+",false,""
"cmu5c0h1b0077ksb0vko3x8fp",96,"Yves Saint Laurent Icons Routine Gift Set","Lifestyle & Wellbeing > Beauty & Skincare","Sephora",123,"FEMALE","18+",false,""
"cmu5c0hah0079ksb0o8d6rrqs",97,"Victoria Beckham Beauty Suite 302 Eau de Parfum Gift Set","Lifestyle & Wellbeing > Beauty & Skincare","Selfridges",208,"FEMALE","18+",false,""
"cmu5c0i1y007cksb0agfj4xl1",98,"La Mer The Hydration Boost Collection","Lifestyle & Wellbeing > Beauty & Skincare","Elys Wimbledon",330,"FEMALE","18+",false,""
"cmu5c0iba007eksb04spwff5k",99,"Cosmic Star Charm Bracelet in Gold","Home, Style & Objects > Jewellery","Shop Contemporary Jewellery to Stack & Style",80,"FEMALE","18+",false,""
"cmu5c0ikl007gksb0y02mycll",100,"Deia Huggie Earrings","Home, Style & Objects > Jewellery","Monica Vinader",99,"FEMALE","18+",false,""
"cmu5c0itr007iksb0vp35q1an",101,"Tennis Chain Necklace in Gold","Home, Style & Objects > Jewellery","Shop Contemporary Jewellery to Stack & Style",120,"FEMALE","18+",false,""
"cmu5c0jc7007lksb0ds6w9tge",102,"Luxury Bracelet Gift Set","Home, Style & Objects > Jewellery","Florence London",165,"FEMALE","18+",false,""
"cmu5c0jle007nksb0pd8nbxym",103,"MV Siren™ Muse Large Hoop Earrings","Home, Style & Objects > Jewellery","Monica Vinader",169,"FEMALE","18+",false,""
"cmu5c0k3q007qksb001eicruk",104,"Tennis Round Bracelet","Home, Style & Objects > Jewellery","Missoma",298,"FEMALE","18+",false,""
"cmu5c0kcy007sksb0r43d9m1l",105,"Astley Clarke Interstellar Solitaire 14ct Yellow-Gold And 0.165ct Lab-Grown Diamond Bracelet","Home, Style & Objects > Jewellery","Selfridges",495,"FEMALE","18+",false,""
"cmu5c0kvf007vksb0g5u00xk7",106,"North Star Lab Grown Diamond Bracelet","Home, Style & Objects > Jewellery","Chupi",649,"FEMALE","18+",false,""
"cmu5c0l4m007xksb0ofkrz6yo",107,"North Star Lab Grown Diamond Stud Earrings","Home, Style & Objects > Jewellery","Chupi",689,"FEMALE","18+",false,""
"cmu5c0ln30080ksb0eio49d9f",108,"Return to Tiffany™ Hoop Earrings in Sterling Silver with Diamonds","Home, Style & Objects > Jewellery","Tiffany",735,"FEMALE","18+",false,""
"cmu5c0m5j0083ksb0vnr5etql",109,"Gucci Interlocking 18ct Yellow Gold Stud Earrings","Home, Style & Objects > Jewellery","Chisholm Hunter",760,"FEMALE","18+",false,""
"cmu5c0mny0086ksb0ytkcboum",110,"Dior Link Necklace Silver-Finish Metal and Crystals","Home, Style & Objects > Jewellery","Dior",770,"FEMALE","18+",false,""
"cmu5c0mx70088ksb0pm2keqs8",111,"CARTIER LOVE Ring","Home, Style & Objects > Jewellery","Selfridges",1200,"FEMALE","18+",false,""
"cmu5c0n6e008aksb0me8bmupe",112,"Paloma Picasso® Olive Leaf Earrings","Home, Style & Objects > Jewellery","Tiffany",1375,"FEMALE","18+",false,""
"cmu5c0nfm008cksb021x4q5fk",113,"Tiffany Solitaire Diamond Earrings","Home, Style & Objects > Jewellery","Tiffany",1775,"FEMALE","18+",false,""
"cmu5c0ny2008fksb0ia1q0g0u",114,"Cartier d'Amour stud earrings, 2 brilliant-cut diamonds","Home, Style & Objects > Jewellery","Cartier",1840,"FEMALE","18+",false,""
"cmu5c0o79008hksb0kj5zz6ci",115,"Dioramour Necklace Yellow Gold and Diamond","Home, Style & Objects > Jewellery","Dior",2350,"FEMALE","18+",false,""
"cmu5c0opo008kksb0fc07ixuq",116,"Guess Emerson 42mm Mens Watch Green","Home, Style & Objects > Watches","Goldsmiths",65,"MALE","18+",false,""
"cmu5c0oyx008mksb0q9ljf2bf",117,"Accurist Everyday Blue Dial Mens Watch","Home, Style & Objects > Watches","Goldsmiths",109,"MALE","18+",false,""
"cmu5c0p84008oksb07ge27wkw",118,"Seiko Men's 5 Sports","Home, Style & Objects > Watches","John Lewis",280,"MALE","18+",false,""
"cmu5c0pqi008rksb0rm4c3xly",119,"Tissot PRX 40mm","Home, Style & Objects > Watches","Tissot",640,"MALE","18+",false,""
"cmu5c0q8u008uksb0j6tlg82l",120,"Seiko Prospex Speedtimer","Home, Style & Objects > Watches","H Samuel",660,"MALE","18+",false,""
"cmu5c0rlf008xksb0e30dfi41",121,"Christopher Ward C63 Sealander Automatic","Home, Style & Objects > Watches","Time and Tide",850,"MALE","18+",false,""
"cmu5c0s3u0090ksb0rj9pr5s9",122,"Yema Urban Traveller Swiss","Home, Style & Objects > Watches","Time in Hand",905,"MALE","18+",false,""
"cmu5c0sm60093ksb0eddf8fjy",123,"Sinn 556 I Automatic","Home, Style & Objects > Watches","James Moore Jewellers",1185,"MALE","18+",false,""
"cmu5c0t4l0096ksb03ikki4qs",124,"Gucci G-Chrono Stainless Steel Bracelet Watch","Home, Style & Objects > Watches","Ernest Jones",1190,"MALE","18+",false,""
"cmu5c0tds0098ksb0xly3x06o",125,"Mido Ocean Star GMT Mens Watch","Home, Style & Objects > Watches","Chisholm Hunter",1210,"MALE","18+",false,""
"cmu5c0tw6009aksb0usjb6q7n",126,"Baume & Mercier Classima","Home, Style & Objects > Watches","Ernest Jones",1250,"MALE","18+",false,""
"cmu5c0uem009dksb0ulxbt072",127,"Khaki Navy GMT Auto","Home, Style & Objects > Watches","Hamilton",1265,"MALE","18+",false,""
"cmu5c0ux1009gksb0gy4jqlo3",128,"Longines HYDROCONQUEST","Home, Style & Objects > Watches","Longines",1300,"MALE","18+",false,""
"cmu5c0vff009jksb0x53bpk58",129,"Junghans Max Bill","Home, Style & Objects > Watches","Galio",1585,"MALE","18+",false,""
"cmu5c0vxs009mksb0igrkmaal",130,"Oris Mens Diver 65 60th Anniversary Edition","Home, Style & Objects > Watches","T.H. Baker",1950,"MALE","18+",false,""
"cmu5c0w6x009oksb025h1f5re",131,"Vivienne Westwood Charterhouse","Home, Style & Objects > Watches","Goldsmiths",140,"FEMALE","18+",false,""
"cmu5c0wpa009rksb0medj3kzg",132,"Emporio Armani Ladies Federica Mother of Pearl","Home, Style & Objects > Watches","The Jewel Hut",209.25,"FEMALE","18+",false,""
"cmu5c0wyi009tksb04vdrph6z",133,"BOSS Essena Quartz","Home, Style & Objects > Watches","Goldsmiths",229,"FEMALE","18+",false,""
"cmu5c0xgy009wksb0n67u2f7o",134,"Mondaine evo2","Home, Style & Objects > Watches","Watch Pilot",275,"FEMALE","18+",false,""
"cmu5c0xq4009yksb0g599lau6",135,"Jazzmaster Quartz 32mm","Home, Style & Objects > Watches","Hamilton",390,"FEMALE","18+",false,""
"cmu5c0y8h00a1ksb0u7ofb5uu",136,"Seiko Presage Cocktail Time 'Skydiving' Diamond Twist","Home, Style & Objects > Watches","Watches of Switzerland",460,"FEMALE","18+",false,""
"cmu5c0yhp00a3ksb01r6zofmq",137,"Tissot Le Locle 20th Anniversary","Home, Style & Objects > Watches","Tissot",785,"FEMALE","18+",false,""
"cmu5c0yqy00a5ksb059d7x2l9",138,"Tissot Le Locle 29mm","Home, Style & Objects > Watches","Tissot",795,"FEMALE","18+",false,""
"cmu5c0z0400a7ksb066gbcbf2",139,"Gucci G-Timeless watch","Home, Style & Objects > Watches","Watches of Switzerland",1180,"FEMALE","18+",false,""
"cmu5c0z9c00a9ksb0skvpuig4",140,"Baume & Mercier Hampton","Home, Style & Objects > Watches","Watches of Switzerland",1190,"FEMALE","18+",false,""
"cmu5c0zil00abksb0nfnud393",141,"LONGINES DOLCEVITA","Home, Style & Objects > Watches","Longines",1400,"FEMALE","18+",false,""
"cmu5c101i00aeksb0tualcji6",142,"Tree/woodland dedication","Home, Style & Objects > Gardening","Woodland Trust",20,"UNISEX","18+",false,""
"cmu5c10k100ahksb0a2lzsjxz",143,"Terracotta bumblebee pot","Home, Style & Objects > Gardening","RHS Plants",29.99,"UNISEX","18+",false,""
"cmu5c10t700ajksb0dd1sdhce",144,"Waterproof garden kneeler - khaki","Home, Style & Objects > Gardening","RHS Plants",32.99,"UNISEX","18+",false,""
"cmu5c11c100amksb05pd78chp",145,"Heritage Tan Leather Gardening Gloves Yellow Leather","Home, Style & Objects > Gardening","The British Emporium",43,"UNISEX","18+",false,""
"cmu5c11ug00apksb02mnnp76c",146,"Personalised Copper Trowel and Fork Set","Home, Style & Objects > Gardening","Menkind",49,"UNISEX","18+",false,""
"cmu5c123l00arksb0dk07uf1a",147,"RHS Encyclopedia of Gardening","Home, Style & Objects > Gardening","RHS Plants",50,"UNISEX","18+",false,""
"cmu5c12m000auksb0v7nfbne2",148,"Bluebells & Indigo Luxury Gift Box","Home, Style & Objects > Gardening","Gardening Gifts Co",59.99,"UNISEX","18+",false,""
"cmu5c134d00axksb0mhnbqufb",149,"RSPB Silhouette hedgehog home","Home, Style & Objects > Gardening","RSPB",60,"UNISEX","18+",false,""
"cmu5c13mu00b0ksb0bzjny8cw",150,"Niwaki hori hori, sheath & sharpening stone gift set","Home, Style & Objects > Gardening","Crocus",60.99,"UNISEX","18+",false,""
"cmu5c145600b3ksb0rgpggih2",151,"The Ultimate Sophie Conran Gardening Toolkit – 13 Piece Gift Set","Home, Style & Objects > Gardening","Allotmate",223.1,"UNISEX","18+",false,""
"cmu5c14ee00b5ksb0nmbwn47s",152,"Lumi Therapy Recovery Pod ice Barrel","Home, Style & Objects > Gardening","John Lewis",325,"UNISEX","18+",false,""
"cmu5c14nl00b7ksb0ocyq87mp",153,"Lay-Z-Spa Helsinki AirJet Plus Inflatable Square Smart Hot Tub with Cover","Home, Style & Objects > Gardening","John Lewis",650,"UNISEX","18+",false,""
"cmu5c14ws00b9ksb09mrm9liw",154,"Personalised 11 Pocket Leather Tool Belt","Home, Style & Objects > DIY and tools","Menkind",30,"UNISEX","18+",false,""
"cmu5c155z00bbksb0hhff77l1",155,"Leather Tool Roll Up Pouch","Home, Style & Objects > DIY and tools","Amazon",39.99,"UNISEX","18+",false,""
"cmu5c15xi00beksb0ivlwv5dl",156,"Matthias Fenner No. 805 Walnut and Brass Marking Knife","Home, Style & Objects > DIY and tools","Workshop Heaven",51.6,"UNISEX","18+",false,""
"cmu5c166p00bgksb0zkayz8zv",157,"Upton Canvas and Leather Apron","Home, Style & Objects > DIY and tools","Workshop Heaven",75,"UNISEX","18+",false,""
"cmu5c16p300bjksb0o9fcqa72",158,"Blacksmithing Experience Day","Home, Style & Objects > DIY and tools","Soulful Iron",140,"UNISEX","18+",false,""
"cmu5c16ya00blksb0v85o0gv1",159,"Marples Trial 1 Rosewood Boxed Set","Home, Style & Objects > DIY and tools","Workshop Heaven",187.5,"UNISEX","18+",false,""
"cmu5c17gp00boksb07ij4yo03",160,"ARC multi-tool","Home, Style & Objects > DIY and tools","Leatherman",260.95,"UNISEX","18+",false,""
"cmu5c18t800brksb0gbsjee7c",161,"Pod Vase Bubble","Home, Style & Objects > Home and interiors","The Conran Shop",39,"UNISEX","18+",false,""
"cmu5c19bp00buksb0407d8ea6",162,"Curved Tamera Marble Bookends","Home, Style & Objects > Home and interiors","Cox&Cox",50,"UNISEX","18+",false,""
"cmu5c19u200bxksb0pxsq5hti",163,"Georg Jensen Bloom Botanica Tea Lights","Home, Style & Objects > Home and interiors","Heal's",63.5,"UNISEX","18+",false,""
"cmu5c1a3b00bzksb0w3cfejz9",164,"Porcelain Colonna Diva Celeste Round Tray","Home, Style & Objects > Home and interiors","Harrods",240,"UNISEX","18+",false,""
"cmu5c1alp00c2ksb0chqxdveo",165,"Tom Dixon Pose Portable Gold-Tone Lamp","Home, Style & Objects > Home and interiors","Mr Porter",255,"UNISEX","18+",false,""
"cmu5c1aux00c4ksb06ox5kmdz",166,"Milos Chess Set Navy","Home, Style & Objects > Home and interiors","The Conran Shop",350,"UNISEX","18+",false,""
"cmu5c1bd800c7ksb0wj5jvbt6",167,"Hermes Avalon throw blanket","Home, Style & Objects > Home and interiors","Hermes",1620,"UNISEX","18+",false,""
"cmu5c1bvl00caksb02vj2udho",168,"Book of Football Team Headlines","Fitness & Sport > Sport spectating > Football","Wonderbly",50,"UNISEX","18+",false,""
"cmu5c1ce300cdksb0an5zh51x",169,"Powerbeats Fit - Earbuds","Tech, Games and Curiousity > Tech & gadgets","Beats by Dre",200,"UNISEX","18+",false,""
"cmu5c1cwq00cgksb00u2mpfc4",170,"Dark Rum - Eau de Parfume","Lifestyle & Wellbeing > Beauty & skincare","Malin+Goetz",94,"FEMALE","18+",false,""
"cmu5c1d6100ciksb0limetwhv",171,"Creed Men's Fragrance Set","Lifestyle & Wellbeing > Beauty & skincare","John Lewis",49,"MALE","18+",false,""
"cmu5c1dfa00ckksb0psla56ea",172,"Therabody Massage Gun","Lifestyle & Wellbeing > Wellness & self-care","John Lewis",129,"UNISEX","18+",false,""
"cmu5c1dxp00cnksb0obfv5a1u",173,"Men's Thermoball V Traction Mules","Home, Style & Objects > Fashion & accessories","The North Face",65,"FEMALE","18+",false,""
"cmu5c1eg600cqksb037hdgkx6",174,"Oura Ring","Lifestyle & Wellbeing > Wellness & self-care","Oura",399,"UNISEX","18+",false,""
"cmu5c1eyk00ctksb0no9lzfsy",175,"Hugo Boss Mens Grand Prix Watch","Home, Style & Objects > Watches","Hugo Boss",349,"MALE","18+",false,""
"cmu5c1fhj00cwksb03dwy7y22",176,"Ray-Ban Meta Wayfarer Glasses","Tech, Games and Curiousity > Tech & gadgets","Currys",459,"UNISEX","18+",false,""
"cmu5c1fqp00cyksb0tif0gwp6",177,"Transparent Speakers","Tech, Games and Curiousity > Tech & gadgets","Mr Porter",550,"UNISEX","18+",false,""
"cmu5c1fzw00d0ksb0g3uxl6cp",178,"Bang & Olufsun Beosound Home Speakers","Tech, Games and Curiousity > Tech & gadgets","Mr Porter",2850,"UNISEX","18+",false,""
"cmu5c1gic00d3ksb09dooq288",179,"Perfect Draft Black Machine and Beer Bundle","Food & Drink > Wine, Beer & Drinks","Perfect Draft",149,"MALE","18+",false,""
"cmu5c1grk00d5ksb0lmc0st0k",180,"Silk Scarf","Home, Style & Objects > Fashion & accessories","Liberty",95,"FEMALE","18+",false,""
"cmu5c1h0z00d7ksb05ata3sdp",181,"Beauty Drop Subscription Box","Lifestyle & Wellbeing > Beauty & skincare","Liberty",275,"FEMALE","18+",false,""
"cmu5c1ha900d9ksb0zc3ionny",182,"The Summer Scents Kit","Lifestyle & Wellbeing > Beauty & skincare","Liberty",110,"FEMALE","18+",false,""
"cmu5c1i1p00dcksb0oy46y1vk",183,"Personalised Night Sky Start Map","Tech, Games and Curiousity > Science & nature","The Night Sky",45,"UNISEX","18+",false,""
"cmu5c1ik400dfksb0ekl10u6o",184,"Hot Towel Heater","Home, Style & Objects > Home & interiors","DIY",68,"UNISEX","18+",false,""
"cmu5c1itg00dhksb05amhdszy",185,"Lola Blankets - Smoky Skies","Home, Style & Objects > Home & interiors","Healf",296,"UNISEX","18+",false,""
"cmu5c1jdz00djksb06dz3km3g",186,"Red Light Face Mask","Lifestyle & Wellbeing > Beauty & skincare","Healf",275,"FEMALE","18+",false,""
"cmu5c1jn600dlksb03b4l3320",187,"Under Eye Mask","Lifestyle & Wellbeing > Beauty & skincare","Collections – Dieux",19,"FEMALE","18+",false,""
"cmu5c1jwc00dnksb0u6au1d4b",188,"Bluetooth Portable Turntable","Tech, Games and Curiousity > Tech & gadgets","Amazon",42,"UNISEX","18+",false,""
"cmu5c1kf000dqksb0bx9hvfil",189,"Bamboo Bath Tray","Home, Style & Objects > Home & interiors","Eco Bath London",44,"UNISEX","18+",false,""
"cmu5c1ko800dsksb0xs4rxcij",190,"Portable LED Light for Social Media Filming","Tech, Games and Curiousity > Tech & gadgets","Amazon",33,"UNISEX","18+",false,""
"cmu5c1l6q00dvksb0xn42qzum",191,"Hermes Fragrance Disovery Set","Lifestyle & Wellbeing > Beauty & skincare","Cosmetify",100,"FEMALE","18+",false,""
"cmu5c1lp800dyksb0zasd8766",192,"Fragrance Discovery Set","Lifestyle & Wellbeing > Beauty & skincare","Kida Kayo",55,"FEMALE","18+",false,""
"cmu5c1m7o00e1ksb0mg6rupk4",193,"Dyson Airwrap Styler","Lifestyle & Wellbeing > Beauty & skincare","Dyson",480,"FEMALE","18+",false,""
"cmu5c1mh100e3ksb02w4uivwt",194,"Glow Mirror","Lifestyle & Wellbeing > Beauty & skincare","Beautifect",159,"FEMALE","18+",false,""
"cmu5c1mzf00e6ksb0sg4oz7p5",195,"Vanilla Mochi Body Mist","Lifestyle & Wellbeing > Beauty & skincare","Atelier Rebul",25,"FEMALE","18+",false,""
"cmu5c1n8n00e8ksb0xl98054i",196,"Golden Hour Perfume","Lifestyle & Wellbeing > Beauty & skincare","Atelier Rebul",60,"FEMALE","18+",false,""
"cmu5c1nr100ebksb0cshheza7",197,"Blue Lapis Pendant Necklace","Home, Style & Objects > Jewellery","Wolf & Badger",64,"FEMALE","18+",false,""
"cmu5c1o9d00eeksb05s73a5qn",198,"Sleeping Mask","Lifestyle & Wellbeing > Wellness & self-care","Drowsy Sleep Co",69,"FEMALE","18+",false,""
"cmu5c1orz00ehksb0btb2k3ut",199,"Glasses Case","Home, Style & Objects > Fashion & accessories","Nao Design",30,"UNISEX","18+",false,""
"cmu5c1q9a00ekksb0r1vrwa2d",200,"Life Designer Journal Exclusive","Lifestyle & Wellbeing > Spirituality","Intelligent Change",30,"UNISEX","18+",false,""
"cmu5c1qrm00enksb0pqxj5ivz",201,"Elara Woven Luxe Tote","Home, Style & Objects > Fashion & accessories","The Ariandne",70,"FEMALE","18+",false,""
"cmu5c1r9x00eqksb0bsqt1roo",202,"Pocket AI Assistant","Tech, Games and Curiousity > Tech & gadgets","Hey Pocket",100,"UNISEX","18+",false,""
"cmu5c1rj400esksb0s175zq05",203,"The Manincure Set","Lifestyle & Wellbeing > Beauty & skincare","Beautifect",49,"FEMALE","18+",false,""
"cmu5c1s1t00evksb0p6vf30ij",204,"Mayfair Handbag","Home, Style & Objects > Fashion & accessories","Aspinal of London",750,"FEMALE","18+",false,""
"cmu5c1sb000exksb0k3gf26r6",205,"Mini Mayfair Handbag","Home, Style & Objects > Fashion & accessories","Aspinal of London",550,"FEMALE","18+",false,""
"cmu5c1stf00f0ksb0bpl24doj",206,"Soft Shopper bag","Home, Style & Objects > Fashion & accessories","Celine",1350,"UNISEX","18+",false,""
"cmu5c1t2n00f2ksb0qql1o878",207,"Chloe Marcie leather cross-body bag","Home, Style & Objects > Fashion & accessories","Selfridges",1690,"FEMALE","18+",false,""
"cmu5c1tbu00f4ksb0lff9ogm2",208,"Claudie Pierlot Heart Embellished Leather Belt","Home, Style & Objects > Fashion & accessories","Selfridges",129,"FEMALE","18+",false,""
"cmu5c1u3j00f7ksb04ak0k55d",209,"Adidas Logo Plaque Shoulder Bag in Black","Home, Style & Objects > Fashion & accessories","Farfetch",39,"FEMALE","18+",false,""
"cmu5c1uct00f9ksb02uvff1pg",210,"SANDRO - Interlaced Stud-Embellished Leather Belt in Black","Home, Style & Objects > Fashion & accessories","Selfridges",189,"FEMALE","18+",false,""
"cmu5c1uve00fcksb0tpo65hr8",211,"LV Optic 40MM Reversible Belt","Home, Style & Objects > Fashion & accessories","Louis Vuitton",535,"MALE","18+",false,""
"cmu5c1vdy00ffksb0mrslpdb2",212,"Straw Drawstring Bucket Bag","Home, Style & Objects > Fashion & accessories","Marks & Spencer",38,"FEMALE","18+",false,""
"cmu5c1vn700fhksb0ckzy0k8k",213,"Coach LEATHER CARD CASE, Maple","Home, Style & Objects > Fashion & accessories","John Lewis",75,"UNISEX","18+",false,""
"cmu5c1w5l00fkksb0ldvsllnr",214,"MARC JACOBS The Mini Compact Wallet - Argan Oil","Home, Style & Objects > Fashion & accessories","Very.co.uk",165,"FEMALE","18+",false,""
"cmu5c1wnx00fnksb056v4q1k0",215,"Ray-Ban Zuri Sunglasses in Havana with Grey lenses size 52-19.","Home, Style & Objects > Fashion & accessories","Sunglasses Hut",130,"UNISEX","18+",false,""
"cmu5c1wx500fpksb05vb19dl5",216,"Prada PR 19ZS M in Tortoise with Brown Graduated lenses size 55 - 17.","Home, Style & Objects > Fashion & accessories","Sunglasses Hut",396,"FEMALE","18+",false,""
"cmu5c1x6e00frksb0mgh5kbax",217,"Petite Casaque Cashmere Coaching scarf.","Home, Style & Objects > Fashion & accessories","Hermes",425,"UNISEX","18+",false,""
"cmu5c1xor00fuksb0020aeirr",218,"Felix Embroidered Baseball Cap in Washed Black","Home, Style & Objects > Fashion & accessories","All Saints",49,"UNISEX","18+",false,""
"cmu5c1xy000fwksb0980bpi1i",219,"Leia Leopard Print Cotton Scarf in Light Grey","Home, Style & Objects > Fashion & accessories","All Saints",99,"FEMALE","18+",false,""
"cmu5c1yge00fzksb0pdce89r4",220,"Leather Ribbed-Cuff Gloves in Black","Home, Style & Objects > Fashion & accessories","Reiss",110,"MALE","18+",false,""
"cmu5c1ypm00g1ksb09oggpa60",221,"Silk Geometric-Print Square Scarf in Navy and Beige","Home, Style & Objects > Fashion & accessories","Reiss",88,"FEMALE","18+",false,""
"cmu5c1z7z00g4ksb0ar4vgnrk",222,"Small drench macrame crystal bag","Home, Style & Objects > Fashion & accessories","Kurt Geiger",199,"FEMALE","18+",false,""
"cmu5c1zhb00g6ksb06h2puk0d",223,"Shoreditch Crossbody velvet bag","Home, Style & Objects > Fashion & accessories","Kurt Geiger",279,"FEMALE","18+",false,""
"cmu5c1zqk00g8ksb01e24rmxf",224,"Ara Leopard Print Tote bag","Home, Style & Objects > Fashion & accessories","All Saints",229,"FEMALE","18+",false,""
"cmu5c209000gbksb0zs3wdmaf",225,"Lily bag in Marina Blue Heavy Grain","Home, Style & Objects > Fashion & accessories","Mulberry",1095,"FEMALE","18+",false,""
"cmu5c20rh00geksb08kkpvjl8",226,"Andiamo Badge Holder in Basil Green","Home, Style & Objects > Fashion & accessories","Bottega Veneta",800,"FEMALE","18+",false,""
"cmu5c210s00ggksb0sksql8dc",227,"Knot Belt","Home, Style & Objects > Fashion & accessories","Bottega Veneta",380,"FEMALE","18+",false,""
"cmu5c21a100giksb0m3ionmzs",228,"Dior Medallion Belt in Tan Brown","Home, Style & Objects > Fashion & accessories","Dior",790,"FEMALE","18+",false,""
"cmu5c21sj00glksb0zytlupk2",229,"Puzzle Bifold Wallet in Blue Grey/Navy","Home, Style & Objects > Fashion & accessories","Loewe",425,"MALE","18+",false,""
"cmu5c221t00gnksb0qp6txt09",230,"Must Wallet in Burgundy","Home, Style & Objects > Fashion & accessories","Cartier",570,"MALE","18+",false,""
"cmu5c22k800gqksb092j0q3wq",231,"Barbour Leather RFID Billfold Wallet in Brown","Home, Style & Objects > Fashion & accessories","Farrar & Tanner",50,"MALE","18+",false,""
"cmu5c234b00gtksb06jc55i60",232,"Merino Baseball Cap in Bracken","Home, Style & Objects > Fashion & accessories","Purdey",225,"UNISEX","18+",false,""
"cmu5c23mp00gwksb0h8ygkrz3",233,"Montana Trilby - Camel 'Rockabilly'","Home, Style & Objects > Fashion & accessories","Jess Collett",280,"UNISEX","18+",false,""
"cmu5c245300gzksb099zat8oq",234,"Foulard Scarf in Orange","Home, Style & Objects > Fashion & accessories","Fendi",245,"FEMALE","18+",false,""
"cmu5c24nh00h2ksb0huaiagiw",235,"Blue 'Mixed Stripe' Silk-Blend Scarf","Home, Style & Objects > Fashion & accessories","Paul Smith",110,"MALE","18+",false,""
"cmu5c255w00h5ksb0deri69d5",236,"Pink Jelly Firkin","Home, Style & Objects > Fashion & accessories","The Jelly Club",64.5,"FEMALE","18+",false,""
"cmu5c25xg00h8ksb0s36oq59q",237,"Orla Embellished Silk Bag","Home, Style & Objects > Fashion & accessories","Rixo",145,"FEMALE","18+",false,""
"cmu5c26fu00hbksb0lo1ls7rv",238,"Numero Sept Belt","Home, Style & Objects > Fashion & accessories","Polene",190,"FEMALE","18+",false,""
"cmu5c26y700heksb0u7hwstfm",239,"Furr Trimmed Leather Biker Gloves","Home, Style & Objects > Fashion & accessories","Massimo Dutti",90,"FEMALE","18+",false,""
"cmu5c28eu00hhksb08bhi53e0",240,"Leurre Sunglasses","Home, Style & Objects > Fashion & accessories","Oliver Peoples",346,"FEMALE","18+",false,""
"cmu5c28x700hkksb0m97ozpbm",241,"Faux Fur Scarf","Home, Style & Objects > Fashion & accessories","Arket",65,"UNISEX","18+",false,""
"cmu5c29fj00hnksb06pg90lo9",242,"Dayja Clutch Bag in White Gold","Home, Style & Objects > Fashion & accessories","Verano Hill",85,"FEMALE","18+",false,""
"cmu5c29or00hpksb000hwkiw8",243,"Deanna Medium Tote Bag","Home, Style & Objects > Fashion & accessories","Verano Hill",75,"FEMALE","18+",false,""
"cmu5c2a7400hsksb07qpmxqbg",244,"Men's leather Anti Theft Clutch Bag","Home, Style & Objects > Fashion & accessories","Lumirya",138,"MALE","18+",false,""
"cmu5c2apl00hvksb098p7pvjr",245,"Ebellished Headband","Home, Style & Objects > Fashion & accessories","Erdem",355,"FEMALE","18+",false,""
"cmu5c2b8200hyksb0wup9hqbw",246,"Parker Wide Headband","Home, Style & Objects > Fashion & accessories","Roseings London",90,"FEMALE","18+",false,""
"cmu5jkaut00i0ksb0sk0ser22",247,"Cole Mason Clavering Granite Pestle & Mortar","Food & Drink > Cooking & Food","Borough Kitchen",39,"UNISEX","18+",false,""
"cmu5jkbeb00i2ksb0qxyeacmg",248,"The Taste of Fortnum's Hamper","Food & Drink > Cooking & Food","fortnumandmason.com",75,"UNISEX","18+",false,""
"cmu5jkbo300i4ksb0igc0oj3n",249,"Larousse Gastro by Prosper Montagné","Food & Drink > Cooking & Food","fortnumandmason.com",76,"UNISEX","18+",false,""
"cmu5jkbxz00i6ksb05jn2fy2x",250,"Borough Kitchen Chopping Board Set of 3 / Black","Food & Drink > Cooking & Food","Borough Kitchen",99,"UNISEX","18+",false,""
"cmu5jkc7q00i8ksb0k852c11g",251,"Pasta Evangelists Cookery Class with Bottomless Prosecco for Two at the Pasta Academy","Food & Drink > Cooking & Food","buyagift",136.99,"UNISEX","18+",false,""
"cmu5jkchi00iaksb0wtxle1pv",252,"Plant Based Masterclass in a Michelin Starred Restaurant","Food & Drink > Cooking & Food","Class Bento",165,"UNISEX","18+",false,""
"cmu5jkcrd00icksb0dqgxfnv8",253,"Kai Shun Premier Chef & Utility Knife Set","Food & Drink > Cooking & Food","Borough Kitchen",299,"UNISEX","18+",false,""
"cmu5jkd1700ieksb0rt1temdw",254,"OoniKoda 12 Gas Fuel Portable Outdoor Pizza Oven","Food & Drink > Cooking & Food","John Lewis",299,"UNISEX","18+",false,""
"cmu5jkday00igksb0ee9i3d03",255,"Cook and Dine: Beef Wellington masterclass for two","Food & Drink > Cooking & Food","Gordon Ramsay Academy",350,"UNISEX","18+",false,""
"cmu5jkdks00iiksb01tjkbi9y",256,"Vitamix Ascent A3500i Blender and Accessories Bundle","Food & Drink > Cooking & Food","Harrods",899,"UNISEX","18+",false,""
"cmu5jkdul00ikksb0xnqfz2xc",257,"Big Green Egg Mini-Max with Foldable Stand","Food & Drink > Cooking & Food","Borough Kitchen",1115,"UNISEX","18+",false,""
"cmu5jke4n00imksb0ccitvtzc",258,"Coravin Model Six+ Hermitage Red Limited Edition","Food & Drink > Wines, beers & drinks","The Waterside Inn",299.99,"UNISEX","18+",false,""
"cmu5jkeef00ioksb0w7bk4gm9",259,"Biddenden Vineyard's Private Guided Tour (per person)","Food & Drink > Wine, beer & drinks","Biddenden",48,"UNISEX","18+",false,""
"cmu5jkeo400iqksb0iwv5yv2e",260,"BERNADOTTE Wine Opener - Design Inspired by Sigvard Bernadotte","Food & Drink > Wine, beer & drinks","Georg Jensen",49,"UNISEX","18+",false,""
"cmu5jkexu00isksb0w3lrzfg7",261,"Multi-Sensory Lab Wine Tasting Experience","Food & Drink > Wine, beer & drinks","Class Bento",65,"UNISEX","18+",false,""
"cmu5jkf7i00iuksb0tbrg1con",262,"Swan Red Wine Decanter","Food & Drink > Wine, beer & drinks","Borough Kitchen",79,"UNISEX","18+",false,""
"cmu5jkfha00iwksb00dhnu11h",263,"Clapton Craft 24 Pack of Beers","Food & Drink > Wine, beer & drinks","Clapton Craft",80,"UNISEX","18+",false,""
"cmu5jkfr600iyksb0kqbsxmdp",264,"Whisky and Beer Pairing Masterclass for Two at Brewhouse and Kitchen","Food & Drink > Wine, beer & drinks","Virgin Experience",82.5,"UNISEX","18+",false,""
"cmu5jkg0w00j0ksb0mbmeft2r",265,"Bordeau Masters: Margaux and Pomerol","Food & Drink > Wine, beer & drinks","Perfect Cellar",88.39,"UNISEX","18+",false,""
"cmu5jkgap00j2ksb0lkwikyic",266,"Wine Bestsellers Mix","Food & Drink > Wine, beer & drinks","Laithwaites",95.88,"UNISEX","18+",false,""
"cmu5jkgkf00j4ksb0nu23vrz1",267,"Young wine carafe 25,4oz - 25,4o","Food & Drink > Wine, beer & drinks","Peugeot",99.99,"UNISEX","18+",false,""
"cmu5jkgu400j6ksb0x5vtds65",268,"Zalto Burgundy Wine Glasses / Set of 2","Food & Drink > Wine, beer & drinks","Borough Kitchen",105,"UNISEX","18+",false,""
"cmu5jkh3v00j8ksb007i7n7it",269,"Fizzics DraftPour Beer Dispenser","Food & Drink > Wine, beer & drinks","Lakeland",109.99,"UNISEX","18+",false,""
"cmu5jkhdo00jaksb0mcif2m2f",270,"L'Atelier du Vin, Oeno Motion, Corkscrew Gift Box, Chrome & Wood","Food & Drink > Wine, beer & drinks","David Shuttle",119,"UNISEX","18+",false,""
"cmu5jkhng00jcksb0whypukvy",271,"Estate Tour with lunch","Food & Drink > Wine, beer & drinks","Gusbourne",120,"UNISEX","18+",false,""
"cmu5jkhx700jeksb006equbey",272,"Veuve Clicquot Yellow Label Magnum 150cl - In Black Gift Box","Food & Drink > Wine, beer & drinks","The Champagne and Gift Company",140,"UNISEX","18+",false,""
"cmu5jki7000jgksb0u1zwa4si",273,"Six-Month Six-Pack Craft Beer Club Subscription from Best of British Beer","Food & Drink > Wine, beer & drinks","buyagift",149.99,"UNISEX","18+",false,""
"cmu5jkigr00jiksb0ary4tlwm",274,"Premium Drinks Cool Box","Food & Drink > Wine, beer & drinks","The Newt in Somerset",179,"UNISEX","18+",false,""
"cmu5jkirg00jkksb0gblqllny",275,"Barwell Cut Crystal Champagne Coupe, Set of Four","Food & Drink > Wine, beer & drinks","Soho Home",195,"UNISEX","18+",false,""
"cmu5jkj1700jmksb0w10zb8j9",276,"Laguiole En Aubrac Sommelier Waiter's Corkscrew, Red Pakawood Handle, Wine Opener with Foil Cutter & Bottle Opener","Food & Drink > Wine, beer & drinks","Amazon",205,"UNISEX","18+",false,""
"cmu5jkjay00joksb0nyoeuiqm",277,"6 x Lehmann Synergie 60cl Collection Signature P. Jamesse","Food & Drink > Wine, beer & drinks","Sip Champagnes",290,"UNISEX","18+",false,""
"cmu5jkjkr00jqksb0riz6ug7k",278,"Matcha Tea Set","Food & Drink > Coffee & Tea","GRIND",40,"UNISEX","18+",false,""
"cmu5jkjuk00jsksb0t2ty2acc",279,"ZENS Modern Glass Infuser Teapot, One Touch Tea Maker for Loose Leaf Tea with Insulated Mug and Portable Case. Enchanted Pot Alternatives for Tea Lover Gifts","Food & Drink > Coffee & Tea","Ubuy",40,"UNISEX","18+",false,""
"cmu5jkk4e00juksb07uw8sed6",280,"The Daily Ritual Hamper - Filter Grind","Food & Drink > Coffee & Tea","Bro Coffee",50,"UNISEX","18+",false,""
"cmu5jkke600jwksb0sv5r2tkd",281,"Titanium French Press","Food & Drink > Coffee & Tea","Snow Peak",53,"UNISEX","18+",false,""
"cmu5jkkxr00jyksb05qedb7su",282,"Small coffee mug in ceramic","Food & Drink > Coffee & Tea","YSL",70,"UNISEX","18+",false,""
"cmu5jkl7i00k0ksb0bvn7p507",283,"Brew Cafetiere","Food & Drink > Coffee & Tea","Tom Dixon",90,"UNISEX","18+",false,""
"cmu5jklhb00k2ksb0pv2dbxbb",284,"Kusmi Tea","Food & Drink > Coffee & Tea","Selfridges",99.99,"UNISEX","18+",false,""
"cmu5jklrc00k4ksb0n4wsixtd",285,"Six Months of Grind Coffee - Whole Bean or Ground Coffee","Food & Drink > Coffee & Tea","buyagift",108,"UNISEX","18+",false,""
"cmu5jkm1200k6ksb0t8rvv6lr",286,"BERNADOTTE Set: Teapot and Cups - Design Inspired by Sigvard Bernadotte","Food & Drink > Coffee & Tea","Georg Jensen",109,"UNISEX","18+",false,""
"cmu5jkndj00k8ksb0yf1tmnr0",287,"NEWBYx Matthew Williamson Trio Loose Leaf Tea Gift","Food & Drink > Coffee & Tea","Harrods",110,"UNISEX","18+",false,""
"cmu5jknnb00kaksb0acrar7fn",288,"The Rare Tea Gift Collection","Food & Drink > Coffee & Tea","Not On The High Street",124.99,"UNISEX","18+",false,""
"cmu5jknx300kcksb0py5strgv",289,"Comandante C40 Nitro Blade Coffee Grinder MK4 (Black)","Food & Drink > Coffee & Tea","Comandante",249,"UNISEX","18+",false,""
"cmu5jko6t00keksb0v40ctf42",290,"SageBarista Express Bean to Cup Coffee Machine, Brushed Stainless Steel","Food & Drink > Coffee & Tea","John Lewis",499.95,"UNISEX","18+",false,""
"cmu5jkogm00kgksb0c2nbbbr6",291,"Ultimate Bar Book","Food & Drink > Spirits & Cocktails","Blackwell's",14.99,"UNISEX","18+",false,""
"cmu5jkoqf00kiksb02c2o6olq",292,"GLAZER mini Classic Ice","Food & Drink > Spirits & Cocktails","Ori Future",23,"UNISEX","18+",false,""
"cmu5jkp0600kkksb0v9hdy3fu",293,"Parisian Green and Gold Cocktail Shaker Set – 6 Piece","Food & Drink > Spirits & Cocktails","Vonhaus",24.99,"UNISEX","18+",false,""
"cmu5jkpa300kmksb0heoxpqnb",294,"Cocktail Ball Ice Cubes (Set of 2)","Food & Drink > Spirits & Cocktails","Harrods",25,"UNISEX","18+",false,""
"cmu5jkpjw00koksb0368dsj65",295,"Riedel Bar Neat Glass x2","Food & Drink > Spirits & Cocktails","hedonism.co.uk",32.5,"UNISEX","18+",false,""
"cmu5jkptp00kqksb0k30xtgbd",296,"Riedel Gin Glasses x 4","Food & Drink > Spirits & Cocktails > Gin","art of living",35.95,"UNISEX","18+",false,""
"cmu5jkq3h00ksksb00tkfru74",297,"Spiegelau Specialist Gin and Tonic Glass x 4","Food & Drink > Spirits & Cocktails > Gin","art of living",40,"UNISEX","18+",false,""
"cmu5jkqd700kuksb0m197yogk",298,"The Rumbler Glass, x 2 - The Speciality Rum Glass","Food & Drink > Spirits & Cocktails > Rum","Dartington",50,"UNISEX","18+",false,""
"cmu5jkqmy00kwksb0jj9e8oc5",299,"Whisky Blending Experience","Food & Drink > Spirits & Cocktails > Whisky","Class Bento",75,"UNISEX","18+",false,""
"cmu5jkqwo00kyksb0b7nrvlfs",300,"Rum Blending Experience","Food & Drink > Spirits & Cocktails > Rum","London Distillery School",95,"UNISEX","18+",false,""
"cmu5jkr6n00l0ksb0ly1fymq3",301,"Appleton Estate 21 Year Old Rum","Food & Drink > Spirits & Cocktails > Rum","Whisky World",99.9,"UNISEX","18+",false,""
"cmu5jkrgo00l2ksb0v8gfjym5",302,"Create your Own Gin at the Shakespeare Distillery Gin School with Tour and Tastings","Food & Drink > Spirits & Cocktails > Gin","Virgin Experience",107,"UNISEX","18+",false,""
"cmu5jkrql00l4ksb05jmzxqrg",303,"Cocktail Masterclass at Gordon Ramsay Restaurants","Food & Drink > Spirits & Cocktails","Gordon Ramsay",120,"UNISEX","18+",false,""
"cmu5jks0h00l6ksb0rlhblhcs",304,"MAP Maison Japanese Whisky Tasting Masterclass for Two","Food & Drink > Spirits & Cocktails > Whisky","Virgin Experience",132,"UNISEX","18+",false,""
"cmu5jksa600l8ksb07v6lywl5",305,"Titanium Curved Flask","Food & Drink > Spirits & Cocktails","Snow Peak",140,"UNISEX","18+",false,""
"cmu5jksjy00laksb06gab2wee",306,"Bonpland Cuba Sancti Spiritus 1999 Rum","Food & Drink > Spirits & Cocktails > Whisky","Whisky Exchange",145,"UNISEX","18+",false,""
"cmu5jkstq00lcksb02hj494mi",307,"Personalised Renfrew Whisky Decanter with Walnut Base","Food & Drink > Spirits & Cocktails > Whisky","Engravers Guild",175,"UNISEX","18+",false,""
"cmu5jkt3h00leksb039hl9d44",308,"Private bespoke whisky tours","Food & Drink > Spirits & Cocktails > Whisky","Scotland's Wild",800,"UNISEX","18+",false,""
"cmu5jktd900lgksb0j9sm41bu",309,"Sweet Sleep Gift Box","Lifestyle & Wellbeing > Sustainability & eco living","Out of the Box Gifts",43,"FEMALE","18+",false,""
"cmu5jktn000liksb0x66rbamw",310,"ReSpiin Recycled Wool Throw - 130cm x 170cm - Mulberry","Lifestyle & Wellbeing > Sustainability & eco living","Green Tulip",49,"UNISEX","18+",false,""
"cmu5jktws00lkksb0bli4ubb1",311,"Luxury Beard Oil Gift Set","Lifestyle & Wellbeing > Beauty & skincare","Lord of the Beards",49,"MALE","18+",false,""
"cmu5jku6m00lmksb0c9738qr5",312,"Men’s Skin Care Heroes","Lifestyle & Wellbeing > Sustainability & eco living","Green People",53,"MALE","18+",false,""
"cmu5jkugf00loksb0kx1muiqx",313,"Sustainable Non-Slip Jute Yoga Mat CompleteGrip™","Lifestyle & Wellbeing > Sustainability & eco living","Complete Unity Yoga",66.99,"UNISEX","18+",false,""
"cmu5jkuq800lqksb0hbxdbn6r",314,"Men's Grooming Ritual","Lifestyle & Wellbeing > Sustainability & eco living","Ervaia",80,"MALE","18+",false,""
"cmu5jkv0000lsksb07yehs7ql",315,"The Lovat (one of the best green and sustainable hotels in the UK, dedicated to eco-friendly practices and carbon neutrality.)","Lifestyle & Wellbeing > Sustainability & eco living","The Lovat",100,"UNISEX","18+",false,""
"cmu5jkv9s00luksb0v0litakf",316,"Suri Electric Toothbrush (plant-based)","Lifestyle & Wellbeing > Sustainability & eco living","Suri",105,"UNISEX","18+",false,""
"cmu5jkvjj00lwksb0a5m3be27",317,"MV Siren™ Muse Slim Cuff (recycled gold vermeil)","Lifestyle & Wellbeing > Jewellery","Monica Vinader",159,"FEMALE","18+",false,""
"cmu5jkvta00lyksb0kiqorca0",318,"Men's Portell Wool Fleece Jacket","Lifestyle & Wellbeing > Sustainability & eco living","Finisterre",195,"MALE","18+",false,""
"cmu5jkw3100m0ksb04o0jshdm",319,"The Banyan Wood Watch","Lifestyle & Wellbeing > Sustainability & eco living","Ziracle",299,"MALE","18+",false,""
"cmu5jkwcq00m2ksb0h1c0a025",320,"Leather Home and Away Gift Set","Lifestyle & Wellbeing > Fashion & accessories","Paradise Row London",390,"UNISEX","18+",false,""
"cmu5jkww700m4ksb05x7blhzl",321,"Frosted Bracelet","Lifestyle & Wellbeing > Sustainability & eco living","La Maison Couture",495,"UNISEX","18+",false,""
"cmu5jkx5z00m6ksb0ukbbqdj4",322,"Beautiful Raw Selenite Crystal Wand Stick","Lifestyle & Wellbeing > Spirituality","Luxe Co",15,"UNISEX","18+",false,""
"cmu5jkxfu00m8ksb07zg3q2av",323,"Mindful Affirmations","Lifestyle & Wellbeing > Spirituality","Healf",20.99,"UNISEX","18+",false,""
"cmu5jkxpp00maksb04252ajub",324,"Inner Bloom (Sandalwood, Lavender) | Ume Premium Incense","Lifestyle & Wellbeing > Spirituality","Lotus Zen",25,"UNISEX","18+",false,""
"cmu5jkxzk00mcksb0556aa49a",325,"Incense Cones Set - Palo Santo","Lifestyle & Wellbeing > Spirituality","Yoga Matters",26,"UNISEX","18+",false,""
"cmu5jky9b00meksb0my21iie7",326,"Energising Boost Wellbeing Gift Set","Lifestyle & Wellbeing > Beauty & skincare","Norfolk Natural Living",39,"UNISEX","18+",false,""
"cmu5jkzfh00mgksb07ch492wn",327,"Crystal Infused Glass Water Bottle","Lifestyle & Wellbeing > Spirituality","Debenhams",40.99,"UNISEX","18+",false,""
"cmu5jkzp700miksb0soviep9u",328,"Personalized Birthdate Book","Lifestyle & Wellbeing > Spirituality","Birthdate Co",75,"UNISEX","18+",false,""
"cmu5jkzyz00mkksb0wt8nm32p",329,"Marin Montagut The Tarot of Marseille","Lifestyle & Wellbeing > Spirituality","Liberty",80,"UNISEX","18+",false,""
"cmu5jl08q00mmksb0yzix53wd",330,"Zafu Meditation Cushion, Blanket & Eye Pillow Kit","Lifestyle & Wellbeing > Spirituality","Yoga Matters",81,"UNISEX","18+",false,""
"cmu5jl0ii00moksb07kpj8wt5",331,"Aromotherapy diffuser","Lifestyle & Wellbeing > Home & interiors","Rituals",114.9,"UNISEX","18+",false,""
"cmu5jl0s900mqksb0zz2svrl2",332,"Chakra Tuning Forks Set of 9","Lifestyle & Wellbeing > Spirituality","Sound Therapy Shop",125,"UNISEX","18+",false,""
"cmu5jl11z00msksb0fwot0snj",333,"Level 1 Foundation In Sound Healing Starter Kit","Lifestyle & Wellbeing > Spirituality","Sound Therapy Shop",175.75,"UNISEX","18+",false,""
"cmu5jl1bq00muksb0l8r77hxp",334,"Essential Serenity Massage, Thermal Baths and Aromatherapy Experience","Lifestyle & Wellbeing > Beauty & skincare","Aire Baths",190,"UNISEX","18+",false,""
"cmu5jl1lj00mwksb0hd3jbf5u",335,"Online Certified Level 1 Course: Foundations Of Integral Sound Healing with Tibetan Singing Bowls","Lifestyle & Wellbeing > Spirituality","Sound Therapy Shop",234,"UNISEX","18+",false,""
"cmu5jl1vd00myksb0f4tkwxp0",336,"Amethyst Cathedral","Lifestyle & Wellbeing > Spirituality","Moon and Earth Crystals",365,"UNISEX","18+",false,""
"cmu5jl25500n0ksb0n6qi5gst",337,"Cologne Intense Discovery Collection","Lifestyle & Wellbeing > Beauty & Skincare","Jo Malone",25,"MALE","18+",false,""
"cmu5jl2ev00n2ksb0clbv9rac",338,"Aesop Resurrection Aromatique Hand Wash 500ml","Lifestyle & Wellbeing > Beauty & Skincare","Selfridges",34,"UNISEX","18+",false,""
"cmu5jl2ol00n4ksb07sxoh873",339,"ENDYMION SHAVING CREAM","Lifestyle & Wellbeing > Beauty & Skincare","penhaligons.com",38,"MALE","18+",false,""
"cmu5jl2yc00n6ksb0xp1uityi",340,"Tom Ford For Men Oud Wood Conditioning Beard Oil, 30ml","Lifestyle & Wellbeing > Beauty & Skincare","John Lewis",49,"MALE","18+",false,""
"cmu5jl38300n8ksb078hlknla",341,"GROOMING SET","Lifestyle & Wellbeing > Beauty & Skincare","Le Labo",80,"MALE","18+",false,""
"cmu5jl3hs00naksb090xl9phj",342,"Yves Saint Laurent Icons Routine Gift Set","Lifestyle & Wellbeing > Beauty & Skincare","Sephora",123,"FEMALE","18+",false,""
"cmu5jl3rl00ncksb0v1yajf3a",343,"Victoria Beckham Beauty Suite 302 Eau de Parfum Gift Set","Lifestyle & Wellbeing > Beauty & Skincare","Selfridges",208,"FEMALE","18+",false,""
"cmu5jl41b00neksb0gxvrj7zf",344,"La Mer The Hydration Boost Collection","Lifestyle & Wellbeing > Beauty & Skincare","Elys Wimbledon",330,"FEMALE","18+",false,""
"cmu5jl4b000ngksb0ex2a27rn",345,"Cosmic Star Charm Bracelet in Gold","Home, Style & Objects > Jewellery","Shop Contemporary Jewellery to Stack & Style",80,"FEMALE","18+",false,""
"cmu5jl4ku00niksb0ymw4rnxq",346,"Deia Huggie Earrings","Home, Style & Objects > Jewellery","Monica Vinader",99,"FEMALE","18+",false,""
"cmu5jl4ul00nkksb0zdd3dw6j",347,"Tennis Chain Necklace in Gold","Home, Style & Objects > Jewellery","Shop Contemporary Jewellery to Stack & Style",120,"FEMALE","18+",false,""
"cmu5jl54c00nmksb0keyt5606",348,"Luxury Bracelet Gift Set","Home, Style & Objects > Jewellery","Florence London",165,"FEMALE","18+",false,""
"cmu5jl5e700noksb0f9rc4dl6",349,"MV Siren™ Muse Large Hoop Earrings","Home, Style & Objects > Jewellery","Monica Vinader",169,"FEMALE","18+",false,""
"cmu5jl5nx00nqksb0hkxjz9vz",350,"Tennis Round Bracelet","Home, Style & Objects > Jewellery","Missoma",298,"FEMALE","18+",false,""
"cmu5jl5xn00nsksb0b9qhlz2p",351,"Astley Clarke Interstellar Solitaire 14ct Yellow-Gold And 0.165ct Lab-Grown Diamond Bracelet","Home, Style & Objects > Jewellery","Selfridges",495,"FEMALE","18+",false,""
"cmu5jl67e00nuksb06ddm16ig",352,"North Star Lab Grown Diamond Bracelet","Home, Style & Objects > Jewellery","Chupi",649,"FEMALE","18+",false,""
"cmu5jl6hh00nwksb00vu7w4ht",353,"North Star Lab Grown Diamond Stud Earrings","Home, Style & Objects > Jewellery","Chupi",689,"FEMALE","18+",false,""
"cmu5jl6r800nyksb0i4aoh2mv",354,"Return to Tiffany™ Hoop Earrings in Sterling Silver with Diamonds","Home, Style & Objects > Jewellery","Tiffany",735,"FEMALE","18+",false,""
"cmu5jl71100o0ksb0tlct0h45",355,"Gucci Interlocking 18ct Yellow Gold Stud Earrings","Home, Style & Objects > Jewellery","Chisholm Hunter",760,"FEMALE","18+",false,""
"cmu5jl7av00o2ksb0vxroud7u",356,"Dior Link Necklace Silver-Finish Metal and Crystals","Home, Style & Objects > Jewellery","Dior",770,"FEMALE","18+",false,""
"cmu5jl7kl00o4ksb0djhreg5j",357,"CARTIER LOVE Ring","Home, Style & Objects > Jewellery","Selfridges",1200,"FEMALE","18+",false,""
"cmu5jl7ud00o6ksb0l1r9akbq",358,"Paloma Picasso® Olive Leaf Earrings","Home, Style & Objects > Jewellery","Tiffany",1375,"FEMALE","18+",false,""
"cmu5jl84700o8ksb0y9i2x68e",359,"Tiffany Solitaire Diamond Earrings","Home, Style & Objects > Jewellery","Tiffany",1775,"FEMALE","18+",false,""
"cmu5jl8e100oaksb0nia8gyul",360,"Cartier d'Amour stud earrings, 2 brilliant-cut diamonds","Home, Style & Objects > Jewellery","Cartier",1840,"FEMALE","18+",false,""
"cmu5jl8xf00ocksb0mawjwmp1",361,"Dioramour Necklace Yellow Gold and Diamond","Home, Style & Objects > Jewellery","Dior",2350,"FEMALE","18+",false,""
"cmu5jl97400oeksb0fyj0h8us",362,"Guess Emerson 42mm Mens Watch Green","Home, Style & Objects > Watches","Goldsmiths",65,"MALE","18+",false,""
"cmu5jl9gx00ogksb0cftmapnp",363,"Accurist Everyday Blue Dial Mens Watch","Home, Style & Objects > Watches","Goldsmiths",109,"MALE","18+",false,""
"cmu5jl9qo00oiksb0mkr44r1u",364,"Seiko Men's 5 Sports","Home, Style & Objects > Watches","John Lewis",280,"MALE","18+",false,""
"cmu5jla0d00okksb00zwc5kt4",365,"Tissot PRX 40mm","Home, Style & Objects > Watches","Tissot",640,"MALE","18+",false,""
"cmu5jlaa300omksb07i95zgn1",366,"Seiko Prospex Speedtimer","Home, Style & Objects > Watches","H Samuel",660,"MALE","18+",false,""
"cmu5jlbg300ooksb07nlofwit",367,"Christopher Ward C63 Sealander Automatic","Home, Style & Objects > Watches","Time and Tide",850,"MALE","18+",false,""
"cmu5jlbpw00oqksb0pagbj3w3",368,"Yema Urban Traveller Swiss","Home, Style & Objects > Watches","Time in Hand",905,"MALE","18+",false,""
"cmu5jlbzn00osksb08p5vrjtp",369,"Sinn 556 I Automatic","Home, Style & Objects > Watches","James Moore Jewellers",1185,"MALE","18+",false,""
"cmu5jlc9g00ouksb0sl6bqgl5",370,"Gucci G-Chrono Stainless Steel Bracelet Watch","Home, Style & Objects > Watches","Ernest Jones",1190,"MALE","18+",false,""
"cmu5jlcjj00owksb0k5j4u5lp",371,"Mido Ocean Star GMT Mens Watch","Home, Style & Objects > Watches","Chisholm Hunter",1210,"MALE","18+",false,""
"cmu5jlctb00oyksb0bkiiox05",372,"Baume & Mercier Classima","Home, Style & Objects > Watches","Ernest Jones",1250,"MALE","18+",false,""
"cmu5jld3400p0ksb0m10gfvr6",373,"Khaki Navy GMT Auto","Home, Style & Objects > Watches","Hamilton",1265,"MALE","18+",false,""
"cmu5jldcv00p2ksb0rbvycuh8",374,"Longines HYDROCONQUEST","Home, Style & Objects > Watches","Longines",1300,"MALE","18+",false,""
"cmu5jldmo00p4ksb05yxdwfnh",375,"Junghans Max Bill","Home, Style & Objects > Watches","Galio",1585,"MALE","18+",false,""
"cmu5jldwe00p6ksb01r8l7t04",376,"Oris Mens Diver 65 60th Anniversary Edition","Home, Style & Objects > Watches","T.H. Baker",1950,"MALE","18+",false,""
"cmu5jle6400p8ksb0l92dwg8l",377,"Vivienne Westwood Charterhouse","Home, Style & Objects > Watches","Goldsmiths",140,"FEMALE","18+",false,""
"cmu5jleft00paksb08rnhxj5w",378,"Emporio Armani Ladies Federica Mother of Pearl","Home, Style & Objects > Watches","The Jewel Hut",209.25,"FEMALE","18+",false,""
"cmu5jlepj00pcksb0dfovh70a",379,"BOSS Essena Quartz","Home, Style & Objects > Watches","Goldsmiths",229,"FEMALE","18+",false,""
"cmu5jlezc00peksb08btppkxv",380,"Mondaine evo2","Home, Style & Objects > Watches","Watch Pilot",275,"FEMALE","18+",false,""
"cmu5jlf9k00pgksb03ogzxot0",381,"Jazzmaster Quartz 32mm","Home, Style & Objects > Watches","Hamilton",390,"FEMALE","18+",false,""
"cmu5jlfjb00piksb02kqc6x4m",382,"Seiko Presage Cocktail Time 'Skydiving' Diamond Twist","Home, Style & Objects > Watches","Watches of Switzerland",460,"FEMALE","18+",false,""
"cmu5jlft100pkksb0kxtsw6p7",383,"Tissot Le Locle 20th Anniversary","Home, Style & Objects > Watches","Tissot",785,"FEMALE","18+",false,""
"cmu5jlg2t00pmksb0of5qcpys",384,"Tissot Le Locle 29mm","Home, Style & Objects > Watches","Tissot",795,"FEMALE","18+",false,""
"cmu5jlgcn00poksb0g14lbi80",385,"Gucci G-Timeless watch","Home, Style & Objects > Watches","Watches of Switzerland",1180,"FEMALE","18+",false,""
"cmu5jlgme00pqksb0iyq22fjb",386,"Baume & Mercier Hampton","Home, Style & Objects > Watches","Watches of Switzerland",1190,"FEMALE","18+",false,""
"cmu5jlgw600psksb0zw5hbcr0",387,"LONGINES DOLCEVITA","Home, Style & Objects > Watches","Longines",1400,"FEMALE","18+",false,""
"cmu5jlh5w00puksb0on1hrczm",388,"Tree/woodland dedication","Home, Style & Objects > Gardening","Woodland Trust",20,"UNISEX","18+",false,""
"cmu5jlhft00pwksb0mvxhcarg",389,"Terracotta bumblebee pot","Home, Style & Objects > Gardening","RHS Plants",29.99,"UNISEX","18+",false,""
"cmu5jlhpj00pyksb07v7xb53t",390,"Waterproof garden kneeler - khaki","Home, Style & Objects > Gardening","RHS Plants",32.99,"UNISEX","18+",false,""
"cmu5jlhz900q0ksb098611n3l",391,"Heritage Tan Leather Gardening Gloves Yellow Leather","Home, Style & Objects > Gardening","The British Emporium",43,"UNISEX","18+",false,""
"cmu5jli8z00q2ksb0pwzj1j59",392,"Personalised Copper Trowel and Fork Set","Home, Style & Objects > Gardening","Menkind",49,"UNISEX","18+",false,""
"cmu5jliip00q4ksb05nudsb54",393,"RHS Encyclopedia of Gardening","Home, Style & Objects > Gardening","RHS Plants",50,"UNISEX","18+",false,""
"cmu5jlisj00q6ksb00c59x9sd",394,"Bluebells & Indigo Luxury Gift Box","Home, Style & Objects > Gardening","Gardening Gifts Co",59.99,"UNISEX","18+",false,""
"cmu5jlj2d00q8ksb0afgxschr",395,"RSPB Silhouette hedgehog home","Home, Style & Objects > Gardening","RSPB",60,"UNISEX","18+",false,""
"cmu5jljc300qaksb0yi55p14r",396,"Niwaki hori hori, sheath & sharpening stone gift set","Home, Style & Objects > Gardening","Crocus",60.99,"UNISEX","18+",false,""
"cmu5jljlt00qcksb0wiuik31a",397,"The Ultimate Sophie Conran Gardening Toolkit – 13 Piece Gift Set","Home, Style & Objects > Gardening","Allotmate",223.1,"UNISEX","18+",false,""
"cmu5jljvm00qeksb0ewntjehc",398,"Lumi Therapy Recovery Pod ice Barrel","Home, Style & Objects > Gardening","John Lewis",325,"UNISEX","18+",false,""
"cmu5jlk5f00qgksb0sv80tfr2",399,"Lay-Z-Spa Helsinki AirJet Plus Inflatable Square Smart Hot Tub with Cover","Home, Style & Objects > Gardening","John Lewis",650,"UNISEX","18+",false,""
"cmu5jlkfa00qiksb0nwlpfgmv",400,"Personalised 11 Pocket Leather Tool Belt","Home, Style & Objects > DIY and tools","Menkind",30,"UNISEX","18+",false,""
"cmu5jlkyr00qkksb0zka2utlx",401,"Leather Tool Roll Up Pouch","Home, Style & Objects > DIY and tools","Amazon",39.99,"UNISEX","18+",false,""
"cmu5jll8i00qmksb0nxmdqus8",402,"Matthias Fenner No. 805 Walnut and Brass Marking Knife","Home, Style & Objects > DIY and tools","Workshop Heaven",51.6,"UNISEX","18+",false,""
"cmu5jlli900qoksb0m9gxrrq2",403,"Upton Canvas and Leather Apron","Home, Style & Objects > DIY and tools","Workshop Heaven",75,"UNISEX","18+",false,""
"cmu5jllrz00qqksb05u1p5e8t",404,"Blacksmithing Experience Day","Home, Style & Objects > DIY and tools","Soulful Iron",140,"UNISEX","18+",false,""
"cmu5jlm1o00qsksb0d2vluxc6",405,"Marples Trial 1 Rosewood Boxed Set","Home, Style & Objects > DIY and tools","Workshop Heaven",187.5,"UNISEX","18+",false,""
"cmu5jlmbd00quksb0hu0zz53s",406,"ARC multi-tool","Home, Style & Objects > DIY and tools","Leatherman",260.95,"UNISEX","18+",false,""
"cmu5jlnip00qwksb0jghww6ex",407,"Pod Vase Bubble","Home, Style & Objects > Home and interiors","The Conran Shop",39,"UNISEX","18+",false,""
"cmu5jlnse00qyksb0u0kh3d45",408,"Curved Tamera Marble Bookends","Home, Style & Objects > Home and interiors","Cox&Cox",50,"UNISEX","18+",false,""
"cmu5jlo2400r0ksb0kicb7re7",409,"Georg Jensen Bloom Botanica Tea Lights","Home, Style & Objects > Home and interiors","Heal's",63.5,"UNISEX","18+",false,""
"cmu5jlobv00r2ksb0ozf73cus",410,"Porcelain Colonna Diva Celeste Round Tray","Home, Style & Objects > Home and interiors","Harrods",240,"UNISEX","18+",false,""
"cmu5jlolk00r4ksb05iah3sxm",411,"Tom Dixon Pose Portable Gold-Tone Lamp","Home, Style & Objects > Home and interiors","Mr Porter",255,"UNISEX","18+",false,""
"cmu5jlova00r6ksb09s74jkha",412,"Milos Chess Set Navy","Home, Style & Objects > Home and interiors","The Conran Shop",350,"UNISEX","18+",false,""
"cmu5jlp5000r8ksb09m4kmafx",413,"Hermes Avalon throw blanket","Home, Style & Objects > Home and interiors","Hermes",1620,"UNISEX","18+",false,""
"cmu5jlpeo00raksb0rsowrat1",414,"Book of Football Team Headlines","Fitness & Sport > Sport spectating > Football","Wonderbly",50,"UNISEX","18+",false,""
"cmu5jlpoe00rcksb0tgoz2kzf",415,"Powerbeats Fit - Earbuds","Tech, Games and Curiousity > Tech & gadgets","Beats by Dre",200,"UNISEX","18+",false,""
"cmu5jlpy400reksb0jckucn9t",416,"Dark Rum - Eau de Parfume","Lifestyle & Wellbeing > Beauty & skincare","Malin+Goetz",94,"FEMALE","18+",false,""
"cmu5jlq7u00rgksb091q4c2ge",417,"Creed Men's Fragrance Set","Lifestyle & Wellbeing > Beauty & skincare","John Lewis",49,"MALE","18+",false,""
"cmu5jlqhk00riksb0q5aq1c4d",418,"Therabody Massage Gun","Lifestyle & Wellbeing > Wellness & self-care","John Lewis",129,"UNISEX","18+",false,""
"cmu5jlqr800rkksb01fn4y5zc",419,"Men's Thermoball V Traction Mules","Home, Style & Objects > Fashion & accessories","The North Face",65,"FEMALE","18+",false,""
"cmu5jlr0y00rmksb06bbs213a",420,"Oura Ring","Lifestyle & Wellbeing > Wellness & self-care","Oura",399,"UNISEX","18+",false,""
"cmu5jlrap00roksb0hc8pll62",421,"Hugo Boss Mens Grand Prix Watch","Home, Style & Objects > Watches","Hugo Boss",349,"MALE","18+",false,""
"cmu5jlrkg00rqksb0ltwr3t68",422,"Ray-Ban Meta Wayfarer Glasses","Tech, Games and Curiousity > Tech & gadgets","Currys",459,"UNISEX","18+",false,""
"cmu5jlru500rsksb0k9pl9mum",423,"Transparent Speakers","Tech, Games and Curiousity > Tech & gadgets","Mr Porter",550,"UNISEX","18+",false,""
"cmu5jls3v00ruksb0g4rse6po",424,"Bang & Olufsun Beosound Home Speakers","Tech, Games and Curiousity > Tech & gadgets","Mr Porter",2850,"UNISEX","18+",false,""
"cmu5jlsdo00rwksb0vxoix36u",425,"Perfect Draft Black Machine and Beer Bundle","Food & Drink > Wine, Beer & Drinks","Perfect Draft",149,"MALE","18+",false,""
"cmu5jlsni00ryksb0owpzk47z",426,"Silk Scarf","Home, Style & Objects > Fashion & accessories","Liberty",95,"FEMALE","18+",false,""
"cmu5jlsxb00s0ksb0qbslhm7z",427,"Beauty Drop Subscription Box","Lifestyle & Wellbeing > Beauty & skincare","Liberty",275,"FEMALE","18+",false,""
"cmu5jlt7400s2ksb0tk4dhwks",428,"The Summer Scents Kit","Lifestyle & Wellbeing > Beauty & skincare","Liberty",110,"FEMALE","18+",false,""
"cmu5jltgu00s4ksb09gnuarm7",429,"Personalised Night Sky Start Map","Tech, Games and Curiousity > Science & nature","The Night Sky",45,"UNISEX","18+",false,""
"cmu5jltqk00s6ksb00oevzfi0",430,"Hot Towel Heater","Home, Style & Objects > Home & interiors","DIY",68,"UNISEX","18+",false,""
"cmu5jlu0c00s8ksb0ywsq1fvl",431,"Lola Blankets - Smoky Skies","Home, Style & Objects > Home & interiors","Healf",296,"UNISEX","18+",false,""
"cmu5jluab00saksb0tuayevdd",432,"Red Light Face Mask","Lifestyle & Wellbeing > Beauty & skincare","Healf",275,"FEMALE","18+",false,""
"cmu5jluk300scksb02tbnidm4",433,"Under Eye Mask","Lifestyle & Wellbeing > Beauty & skincare","Collections – Dieux",19,"FEMALE","18+",false,""
"cmu5jlutu00seksb0tcvrnqz6",434,"Bluetooth Portable Turntable","Tech, Games and Curiousity > Tech & gadgets","Amazon",42,"UNISEX","18+",false,""
"cmu5jlv3o00sgksb01pt99d1f",435,"Bamboo Bath Tray","Home, Style & Objects > Home & interiors","Eco Bath London",44,"UNISEX","18+",false,""
"cmu5jlvdj00siksb0bmle12dy",436,"Portable LED Light for Social Media Filming","Tech, Games and Curiousity > Tech & gadgets","Amazon",33,"UNISEX","18+",false,""
"cmu5jlvn700skksb0lk5c3xr3",437,"Hermes Fragrance Disovery Set","Lifestyle & Wellbeing > Beauty & skincare","Cosmetify",100,"FEMALE","18+",false,""
"cmu5jlvwx00smksb0zpnes9ot",438,"Fragrance Discovery Set","Lifestyle & Wellbeing > Beauty & skincare","Kida Kayo",55,"FEMALE","18+",false,""
"cmu5jlw6n00soksb0mu2pu2ec",439,"Dyson Airwrap Styler","Lifestyle & Wellbeing > Beauty & skincare","Dyson",480,"FEMALE","18+",false,""
"cmu5jlwge00sqksb04zlfvxtj",440,"Glow Mirror","Lifestyle & Wellbeing > Beauty & skincare","Beautifect",159,"FEMALE","18+",false,""
"cmu5jlwzq00ssksb0ntrp249d",441,"Vanilla Mochi Body Mist","Lifestyle & Wellbeing > Beauty & skincare","Atelier Rebul",25,"FEMALE","18+",false,""
"cmu5jlx9g00suksb0vilbp5ta",442,"Golden Hour Perfume","Lifestyle & Wellbeing > Beauty & skincare","Atelier Rebul",60,"FEMALE","18+",false,""
"cmu5jlxj700swksb0o2ujz4w1",443,"Blue Lapis Pendant Necklace","Home, Style & Objects > Jewellery","Wolf & Badger",64,"FEMALE","18+",false,""
"cmu5jlxsz00syksb0eoiiwymh",444,"Sleeping Mask","Lifestyle & Wellbeing > Wellness & self-care","Drowsy Sleep Co",69,"FEMALE","18+",false,""
"cmu5jly2q00t0ksb06iyb2vgi",445,"Glasses Case","Home, Style & Objects > Fashion & accessories","Nao Design",30,"UNISEX","18+",false,""
"cmu5jlz8k00t2ksb00br00a4b",446,"Life Designer Journal Exclusive","Lifestyle & Wellbeing > Spirituality","Intelligent Change",30,"UNISEX","18+",false,""
"cmu5jlzic00t4ksb0b6au55jp",447,"Elara Woven Luxe Tote","Home, Style & Objects > Fashion & accessories","The Ariandne",70,"FEMALE","18+",false,""
"cmu5jlzs800t6ksb02if8m7xt",448,"Pocket AI Assistant","Tech, Games and Curiousity > Tech & gadgets","Hey Pocket",100,"UNISEX","18+",false,""
"cmu5jm01z00t8ksb0yie2xonj",449,"The Manincure Set","Lifestyle & Wellbeing > Beauty & skincare","Beautifect",49,"FEMALE","18+",false,""
"cmu5jm0bv00taksb0ik5te7bg",450,"Mayfair Handbag","Home, Style & Objects > Fashion & accessories","Aspinal of London",750,"FEMALE","18+",false,""
"cmu5jm0lt00tcksb0jeblcorc",451,"Mini Mayfair Handbag","Home, Style & Objects > Fashion & accessories","Aspinal of London",550,"FEMALE","18+",false,""
"cmu5jm0vn00teksb0ljwixxnn",452,"Soft Shopper bag","Home, Style & Objects > Fashion & accessories","Celine",1350,"UNISEX","18+",false,""
"cmu5jm15f00tgksb0iuorbdxh",453,"Chloe Marcie leather cross-body bag","Home, Style & Objects > Fashion & accessories","Selfridges",1690,"FEMALE","18+",false,""
"cmu5jm1f300tiksb0p6rv8xxi",454,"Claudie Pierlot Heart Embellished Leather Belt","Home, Style & Objects > Fashion & accessories","Selfridges",129,"FEMALE","18+",false,""
"cmu5jm1ow00tkksb0hhm1wjst",455,"Adidas Logo Plaque Shoulder Bag in Black","Home, Style & Objects > Fashion & accessories","Farfetch",39,"FEMALE","18+",false,""
"cmu5jm1ym00tmksb0y3gfroty",456,"SANDRO - Interlaced Stud-Embellished Leather Belt in Black","Home, Style & Objects > Fashion & accessories","Selfridges",189,"FEMALE","18+",false,""
"cmu5jm28c00toksb04haed2lw",457,"LV Optic 40MM Reversible Belt","Home, Style & Objects > Fashion & accessories","Louis Vuitton",535,"MALE","18+",false,""
"cmu5jm2i200tqksb0migmpp3x",458,"Straw Drawstring Bucket Bag","Home, Style & Objects > Fashion & accessories","Marks & Spencer",38,"FEMALE","18+",false,""
"cmu5jm2ru00tsksb0xu31fcyw",459,"Coach LEATHER CARD CASE, Maple","Home, Style & Objects > Fashion & accessories","John Lewis",75,"UNISEX","18+",false,""
"cmu5jm31z00tuksb05317ipbj",460,"MARC JACOBS The Mini Compact Wallet - Argan Oil","Home, Style & Objects > Fashion & accessories","Very.co.uk",165,"FEMALE","18+",false,""
"cmu5jm3bq00twksb0wwbqzibx",461,"Ray-Ban Zuri Sunglasses in Havana with Grey lenses size 52-19.","Home, Style & Objects > Fashion & accessories","Sunglasses Hut",130,"UNISEX","18+",false,""
"cmu5jm3lf00tyksb0ip86kp6h",462,"Prada PR 19ZS M in Tortoise with Brown Graduated lenses size 55 - 17.","Home, Style & Objects > Fashion & accessories","Sunglasses Hut",396,"FEMALE","18+",false,""
"cmu5jm3v600u0ksb02bhgt9nm",463,"Petite Casaque Cashmere Coaching scarf.","Home, Style & Objects > Fashion & accessories","Hermes",425,"UNISEX","18+",false,""
"cmu5jm44w00u2ksb076rqnp2h",464,"Felix Embroidered Baseball Cap in Washed Black","Home, Style & Objects > Fashion & accessories","All Saints",49,"UNISEX","18+",false,""
"cmu5jm4f300u4ksb028ze92f3",465,"Leia Leopard Print Cotton Scarf in Light Grey","Home, Style & Objects > Fashion & accessories","All Saints",99,"FEMALE","18+",false,""
"cmu5jm4ox00u6ksb0cnv0rke3",466,"Leather Ribbed-Cuff Gloves in Black","Home, Style & Objects > Fashion & accessories","Reiss",110,"MALE","18+",false,""
"cmu5jm4yn00u8ksb0bdc0fojd",467,"Silk Geometric-Print Square Scarf in Navy and Beige","Home, Style & Objects > Fashion & accessories","Reiss",88,"FEMALE","18+",false,""
"cmu5jm58g00uaksb069sxxq4m",468,"Small drench macrame crystal bag","Home, Style & Objects > Fashion & accessories","Kurt Geiger",199,"FEMALE","18+",false,""
"cmu5jm5i500ucksb0gnehe3rq",469,"Shoreditch Crossbody velvet bag","Home, Style & Objects > Fashion & accessories","Kurt Geiger",279,"FEMALE","18+",false,""
"cmu5jm5rv00ueksb0o27n3p54",470,"Ara Leopard Print Tote bag","Home, Style & Objects > Fashion & accessories","All Saints",229,"FEMALE","18+",false,""
"cmu5jm61m00ugksb0a1p7ilmu",471,"Lily bag in Marina Blue Heavy Grain","Home, Style & Objects > Fashion & accessories","Mulberry",1095,"FEMALE","18+",false,""
"cmu5jm6bd00uiksb0u8cn70ok",472,"Andiamo Badge Holder in Basil Green","Home, Style & Objects > Fashion & accessories","Bottega Veneta",800,"FEMALE","18+",false,""
"cmu5jm6l500ukksb0zvs87vhu",473,"Knot Belt","Home, Style & Objects > Fashion & accessories","Bottega Veneta",380,"FEMALE","18+",false,""
"cmu5jm6v200umksb0h4er55nr",474,"Dior Medallion Belt in Tan Brown","Home, Style & Objects > Fashion & accessories","Dior",790,"FEMALE","18+",false,""
"cmu5jm74s00uoksb0czer30j0",475,"Puzzle Bifold Wallet in Blue Grey/Navy","Home, Style & Objects > Fashion & accessories","Loewe",425,"MALE","18+",false,""
"cmu5jm7em00uqksb0dh9a327a",476,"Must Wallet in Burgundy","Home, Style & Objects > Fashion & accessories","Cartier",570,"MALE","18+",false,""
"cmu5jm7oe00usksb0l17ad7kc",477,"Barbour Leather RFID Billfold Wallet in Brown","Home, Style & Objects > Fashion & accessories","Farrar & Tanner",50,"MALE","18+",false,""
"cmu5jm7y500uuksb0qgku3l1w",478,"Merino Baseball Cap in Bracken","Home, Style & Objects > Fashion & accessories","Purdey",225,"UNISEX","18+",false,""
"cmu5jm89l00uwksb0tv7g1yw4",479,"Montana Trilby - Camel 'Rockabilly'","Home, Style & Objects > Fashion & accessories","Jess Collett",280,"UNISEX","18+",false,""
"cmu5jm8jh00uyksb0wq70wdyr",480,"Foulard Scarf in Orange","Home, Style & Objects > Fashion & accessories","Fendi",245,"FEMALE","18+",false,""
"cmu5jm92x00v0ksb0s2dr2nu7",481,"Blue 'Mixed Stripe' Silk-Blend Scarf","Home, Style & Objects > Fashion & accessories","Paul Smith",110,"MALE","18+",false,""
"cmu5jm9co00v2ksb0mp81786y",482,"Pink Jelly Firkin","Home, Style & Objects > Fashion & accessories","The Jelly Club",64.5,"FEMALE","18+",false,""
"cmu5jm9mf00v4ksb0ixbf2mgh",483,"Orla Embellished Silk Bag","Home, Style & Objects > Fashion & accessories","Rixo",145,"FEMALE","18+",false,""
"cmu5jm9w600v6ksb0m06tkqk6",484,"Numero Sept Belt","Home, Style & Objects > Fashion & accessories","Polene",190,"FEMALE","18+",false,""
"cmu5jma5w00v8ksb0bzyd5z2i",485,"Furr Trimmed Leather Biker Gloves","Home, Style & Objects > Fashion & accessories","Massimo Dutti",90,"FEMALE","18+",false,""
"cmu5jmbd900vaksb0ja3ythsz",486,"Leurre Sunglasses","Home, Style & Objects > Fashion & accessories","Oliver Peoples",346,"FEMALE","18+",false,""
"cmu5jmbn400vcksb0gtuj6itk",487,"Faux Fur Scarf","Home, Style & Objects > Fashion & accessories","Arket",65,"UNISEX","18+",false,""
"cmu5jmbwu00veksb0b3qt0c8r",488,"Dayja Clutch Bag in White Gold","Home, Style & Objects > Fashion & accessories","Verano Hill",85,"FEMALE","18+",false,""
"cmu5jmc6k00vgksb05zngs3wo",489,"Deanna Medium Tote Bag","Home, Style & Objects > Fashion & accessories","Verano Hill",75,"FEMALE","18+",false,""
"cmu5jmcge00viksb0jb92xnj4",490,"Men's leather Anti Theft Clutch Bag","Home, Style & Objects > Fashion & accessories","Lumirya",138,"MALE","18+",false,""
"cmu5jmcq500vkksb06ilh654b",491,"Ebellished Headband","Home, Style & Objects > Fashion & accessories","Erdem",355,"FEMALE","18+",false,""
"cmu5jmczw00vmksb0w29uzdw1",492,"Parker Wide Headband","Home, Style & Objects > Fashion & accessories","Roseings London",90,"FEMALE","18+",false,""
"cmu5jmdsy00vpksb03ktdbjn5",493,"Freddie's Flowers Gift Subscription","Home, Style & Objects > Home & interiors","Freddie's Flowers",114,"UNISEX","18+",false,""
"cmu5jmecl00vsksb0hg9707ey",494,"Wilson Advantage 11 piece golf set - steel","Sport & Fitness > Golf","Affordable Golf",379,"UNISEX","18+",false,""
"cmu5jmemc00vuksb084yvpaxy",495,"Spiked Golf Shoes","Sport & Fitness > Golf","Affordable Golf",89.95,"MALE","18+",false,""
"cmu5jmew500vwksb0zkvcnk3c",496,"Lithium Golf Trolley","Sport & Fitness > Golf","Affordable Golf",349,"UNISEX","18+",false,""
"cmu5jmf5v00vyksb04x7mrfa7",497,"Wembley Stadium Tour & Meal for two","Sport & Fitness > Football","Virgin Experience",94,"UNISEX","18+",false,""
"cmu5jmfph00w1ksb03y9916cj",498,"Football Stadium Tours","Sport & Fitness > Football","Stadium Tours",30,"UNISEX","18+",false,""
"cmu5jmg9700w4ksb08i8walpx",499,"Signed Football Shirts","Sport & Fitness > Football","The Collectors Corner",400,"UNISEX","18+",false,""
"cmu5jmgj100w6ksb0owy96f3e",500,"Signed Football Memorabilia","Sport & Fitness > Football","The Collectors Corner",100,"UNISEX","18+",false,""
"cmu5jmh2q00w9ksb0yx63ij3r",501,"The Ultimate Golf Day VIP Packacge","Sport & Fitness > Golf","Golf Gift Days",650,"UNISEX","18+",false,""
"cmu5jmhcg00wbksb0d75qbqtl",502,"Two night Golf Break for 2 people","Sport & Fitness > Golf","Golf Gift Days",900,"UNISEX","18+",false,""
"cmu5jmhm800wdksb06m1ur89o",503,"Four Golf Lessons with a PGA Professional","Sport & Fitness > Golf","Golf Gift Days",340,"UNISEX","18+",false,""
"cmu5jmhw100wfksb0rxh04c2z",504,"One hour Golf Lesson with a PGA Professional","Sport & Fitness > Golf","Golf Gift Days",65,"UNISEX","18+",false,""
"cmu5jmifl00wiksb051tk4l9r",505,"Find a Golf Lesson near you","Sport & Fitness > Golf","PGA Play",50,"UNISEX","18+",false,""
"cmu5jmiz400wlksb05rgl5126",506,"Black Obsidian Bracelet – Adjustable Spiritual Protection Bracelet","Jewellery","The Little Tibet",19.99,"FEMALE","18+",false,""
"cmu5jmj8v00wnksb0572dxjhm",507,"Infinity Charm Bracelet in Gold","Jewellery","lisaangel.co.uk",22,"FEMALE","18+",false,""
"cmu5jmjsc00wqksb00ef9zis1",508,"Red Jade Beaded Necklace","Jewellery","Pascale",270,"FEMALE","18+",false,""
"cmu5jmk2600wsksb0f0nc5uip",509,"1990s Vintage Circular Drop Earrings","Jewellery","susancaplan.co.uk",35,"FEMALE","18+",false,""
"cmu5jmkc200wuksb08cmncf71",510,"Stella Chain Necklace","Jewellery","Wolf & Badger",44,"FEMALE","18+",false,""
"cmu5jmkm100wwksb0xxbp05ca",511,"Diamonbliss Vintage Round Leverback Earrings / White","Jewellery","Wolf & Badger",57,"FEMALE","18+",false,""
"cmu5jml5h00wyksb0miybcofv",512,"Hammered Braided Brass Wire Cuff Bracelet | Semi Matte Gold Boho Statement Bangle","Jewellery","Wolf & Badger",65,"FEMALE","18+",false,""
"cmu5jmlfb00x0ksb04ta55ht0",513,"Sterling Silver Hammered Organic Shape Torque Bangle","Jewellery","lisaangel.co.uk",70,"FEMALE","18+",false,""
"cmu5jmlp600x2ksb04sfb8m80",514,"Cosmic Star Charm Bracelet in Gold","Jewellery","Shop Contemporary Jewellery to Stack & Style",80,"FEMALE","18+",false,""
"cmu5jmlyy00x4ksb0kaw6ex16",515,"MONET 1980s Vintage Monet Double Link Bracelet","Jewellery","susancaplan.co.uk",145,"FEMALE","18+",false,""
"cmu5jmm8o00x6ksb0wmvyngcw",516,"Tibetan Silver & Brass Om Pendant Necklace – Handcrafted in the Highlands","","The Little Tibet",170,"UNISEX","18+",false,""
"cmu5jmmii00x8ksb0r6xwkb1l",517,"Cluster Wire Wrapped Ring","Jewellery","Wolf & Badger",207,"FEMALE","18+",false,""
"cmu5jmms800xaksb02sffs4wp",518,"Sun Wide Bracelet Gold","Jewellery","Wolf & Badger",225,"FEMALE","18+",false,""
"cmu5jmnc100xdksb0kx557q57",519,"Pebble Tealight Holder - Various Colours","Home and interiors","Prior",18,"UNISEX","18+",false,""
"cmu5jmnvk00xgksb0abgezpci",520,"HK Living - 70s ceramics:  XS bowls Set of 4 - Modernist","Home and interiors","Haygen",34.99,"UNISEX","18+",false,""
"cmu5jmof800xjksb0yc713tse",521,"Larton Scalloped Marble Bowl","Home and interiors","The White Company",45,"UNISEX","18+",false,""
"cmu5jmop100xlksb0hapmaql2",522,"Yuta Segawa Vase Extra Large","Home and interiors","Heal's",48,"UNISEX","18+",false,""
"cmu5jmoys00xnksb01gq6nvm7",523,"Plant Pot 'Cupcake' - Jesmonite and Coffee Grounds","Home and interiors","Prior",50,"UNISEX","18+",false,""
"cmu5jmp8i00xpksb0jjiu342x",524,"Vintage Star Cushion","Home and interiors","Melin Tregwynt - Woven in Wales",59,"UNISEX","18+",false,""
"cmu5jmqf500xrksb0el1myogz",525,"Sailor Blue Herringbone Wool Blanket","Home and interiors","Coastal-Inspired Blankets & Throws",75,"UNISEX","18+",false,""
"cmu5jmqoz00xtksb0zis9dci1",526,"Paul Smith Early Bird Diffuser, 250ml","Home and interiors","Paul Smith",85,"UNISEX","18+",false,""
"cmu5jmqyt00xvksb0ajdbnbd7",527,"Georg Jensen Sky Coaster Set","Home and interiors","Heal's",85,"UNISEX","18+",false,""
"cmu5jmr8n00xxksb0v04aatz5",528,"TBCO - Recycled Wool Blanket in Burgundy Waffle Block Check","Home and interiors","Haygen",94.99,"UNISEX","18+",false,""
"cmu5jmrsc00y0ksb0uau2ki2l",529,"Nunobiki Ware Handcrafted Twin Sparrow Oval Platter","","Masu",171,"UNISEX","18+",false,""
"cmu5jms2600y2ksb0na5qde86",530,"ARTEMIS Large Tassel Velvet Cushion - Blush","Home and interiors","houseofhackney.com",245,"UNISEX","18+",false,""
"cmu5jmsby00y4ksb0c4d0u08a",531,"Hardcrafted Blue Amber Glass","Home and interiors","Masu",105,"UNISEX","18+",false,""
"cmu5jmsvi00y7ksb0xkxx91p7",532,"Spot's First Little Library","Children","My 1st Years",6,"UNISEX","18+",false,""
"cmu5jmtf300yaksb0cfao7hui",533,"Montessori Stacking Toy Wooden Blocks","Children","Get Kidzly",14.98,"UNISEX","18+",false,""
"cmu5jmtyn00ydksb06tb01n05",534,"Happy Veggies Wooden Puzzle","Children","Sense Nest",17.99,"UNISEX","18+",false,""
"cmu5jmu8j00yfksb0mh0jopdm",535,"Personalised Bedtime For You Book","Children","Wonderbly",19.99,"UNISEX","18+",false,""
"cmu5jmuiq00yhksb0fpjr3802",536,"Peanut Penguin","Children","Official Jellycat Store",25,"UNISEX","18+",false,""
"cmu5jmuso00yjksb0tgev48gn",537,"Steiff Soft Cuddly Friends My First Hoppie Rabbit","Children","John Lewis",29.9,"UNISEX","18+",false,""
"cmu5jmvcc00ymksb0d7axtm8z",538,"Gaby Bath Toys","Children","Westwing",29.99,"UNISEX","18+",false,""
"cmu5jmvw300ypksb0cnbl0kot",539,"DreamHaven Canvas Play Teepee","Children","Cuddleberry",34.9,"FEMALE","18+",false,""
"cmu5jmwfy00ysksb0yw4eqo8b",540,"LEGO DUPLO 10914 Deluxe Brick Box Classic Building Bricks Set","Children","Smyths Toys",38.99,"MALE","18+",false,""
"cmu5jmx9k00yvksb0838zl7n1",541,"Janod Tropik - Multi Activity Trolley","Children","Hello Baby",72.99,"MALE","18+",false,""
"cmu5jmxjo00yxksb0bx2t6qf7",542,"Mini 3in1 Deluxe Ride On Scooter, Blue","Children","John Lewis",109.95,"UNISEX","18+",false,""
"cmu5jmy3i00z0ksb02g03u26j",543,"Petit Collage Carry Along Kitten Sketch Book Set","Children","Crafts 4 Kids",12.99,"UNISEX","18+",false,""
"cmu5jmynj00z3ksb0d8qixk27",544,"Farm Yard Tales Craft Kit","Children","Jacques",13.99,"UNISEX","18+",false,""
"cmu5jmyxh00z5ksb0sntqd5ai",545,"Kids Space Hopper - Super Heroes","Children","Crafts 4 Kids",16.5,"UNISEX","18+",false,""
"cmu5jmz7h00z7ksb0j907a8z8",546,"Educational Wooden Games - Djeco Crococroc","Children","Crafts 4 Kids",17.25,"UNISEX","18+",false,""
"cmu5jmzhh00z9ksb0n04k5tmd",547,"Jungle Dough Sensory Kids Craft Kit","Children","Crafts 4 Kids",19.95,"UNISEX","18+",false,""
"cmu5jmzrl00zbksb0uiddevai",548,"Hot Wheels Monster Trucks 1:64 Trophy Champions Collection","Children","Smyths Toys",23.99,"MALE","18+",false,""
"cmu5jn01j00zdksb09f1vom82",549,"Pup Squad Racers Gift Set","Children","John Lewis",24.99,"MALE","18+",false,""
"cmu5jn0bg00zfksb0ckeeh8l7",550,"Super Mario Deluxe Bowser's Airship Playset","Children","Smyths Toys",29.99,"MALE","18+",false,""
"cmu5jn0v500ziksb0dbyzi8h8",551,"Montessori Colour Puzzle with Challenge Cards","Children","Jackie's Kids",34.9,"UNISEX","18+",false,""
"cmu5jn1f300zlksb0c3lwqjn8",552,"Hot Wheels City Hot Wheels Ultimate Dual Dragon Transporter and Cars Playset","Children","The Entertainer",39,"MALE","18+",false,""
"cmu5jn1z200zoksb0vkdsdlqo",553,"LEGO® DUPLO® 10459 Bluey: Bluey’s Family House","Children","Frasers",42,"UNISEX","18+",false,""
"cmu5jn29100zqksb0ki4ggxeh",554,"Brio World Animal Farm Wooden Train Set, FSC-Certified","Children","John Lewis",74.99,"MALE","18+",false,""
"cmu5jn2j300zsksb0041lu022",555,"PAW Patrol My Size Lookout Tower with Chase Figure and Vehicle","Children","Smyths Toys",79.99,"MALE","18+",false,""
"cmu5jn2wi00zuksb0kkjhcbk4",556,"NERF Marvel Spider-Man Strike 'N Splash Blaster","Children","Smyths Toys",9.99,"MALE","18+",false,""
"cmu5jn36f00zwksb0nzqhsjr2",557,"Tumble Tower Game - Wooden Animal Blocks & Dice","Children","Jacques",19.99,"UNISEX","18+",false,""
"cmu5jn3ge00zyksb0flx7a6nf",558,"LEGO Creator 3 in 1 Fierce Dinosaur Construction Set","Children","The Entertainer",20,"MALE","18+",false,""
"cmu5jn4020101ksb0vp1jgeqr",559,"The Peter Rabbit Library","Children","Beatrix Potter Shop",25,"UNISEX","18+",false,""
"cmu5jn49w0103ksb060wsyo3q",560,"Djeco Guitar - 6 Metal Strings","Children","Crafts 4 Kids",29.99,"UNISEX","18+",false,""
"cmu5jn4ju0105ksb0qlyvsv9t",561,"Marvel Spider-Man Remote Control Skateboard Figure Set","Children","Smyths Toys",29.99,"MALE","18+",false,""
"cmu5jn53q0108ksb06sasdhfh",562,"Woody Interactive Talking Action Figure, Toy Story","Children","Disney Store",37,"MALE","18+",false,""
"cmu5jn5dm010aksb0yu1xuw9q",563,"Hot Wheels City Hot Wheels Ultimate Dual Dragon Transporter and Cars Playset","Children","Disney Store",39,"MALE","18+",false,""
"cmu5jn5nh010cksb04tmxkd3s",564,"Neon Creative Wall Art Video Game Controller","Children","Crafts 4 Kids",14.99,"MALE","18+",false,""
"cmu5jn76g010fksb0qlc24a75",565,"Tovla Jr. Montessori Pizza-Making Kit","Children","True Toys",14.99,"UNISEX","18+",false,""
"cmu5jn7ic010hksb0355op6fu",566,"My Magic Show Set - 20 Tricks","Children","Crafts 4 Kids",19.99,"UNISEX","18+",false,""
"cmu5jn7s8010jksb0m55h18r6",567,"Laser X Revolution Laser Tag Double Blasters 2 Pack","Children","Smyths Toys",29.99,"MALE","18+",false,""
"cmu5jn82c010lksb0icddazbh",568,"Moulin Roty Giant Soap Bubbles Set","Children","Crafts 4 Kids",29.99,"UNISEX","18+",false,""
"cmu5jn8ca010nksb0tmdpz6zl",569,"Urban Return Ball","Children","Very.co.uk",38.99,"MALE","18+",false,""
"cmu5jn95y010qksb0ds8ehs9v",570,"Antarctic Animals Science Kit","Children","Lego",44.99,"MALE","18+",false,""
"cmu5jn9py010tksb0pnm7133u",571,"loog mini acoustic","Children","loog",90,"UNISEX","18+",false,""
"cmu5jnaa5010wksb0tti73f80",572,"School of Icing Class","Children","Biscuiteers",95,"FEMALE","5-10; 11-17",false,""
"cmu5jnaty010zksb0w6nozr0t",573,"Aerobie Pro Ring","Children","Oddballs",12.99,"MALE","5-10; 11-17",false,""
"cmu5jnbds0112ksb0azx58w1o",574,"Anime Pinball","Children","The Range",14.99,"MALE","5-10; 11-17",false,""
"cmu5jnbqj0114ksb06ev04l2i",575,"Double Dance Mat Dance Game","Children","The Range",24.99,"UNISEX","5-10; 11-17",false,""
"cmu5jne4f0117ksb09bs54sdw",576,"Ultimate Go Karting Race Experience","Children","TeamSport",30,"MALE","5-10; 11-17",false,""
"cmu5jnfbz0119ksb0dcazy4ge",577,"Hydraulic Robot Arm","Children","The Range",33.4,"MALE","5-10; 11-17",false,""
"cmu5jngns011cksb0p2c10c48",578,"Kids' Ages 8 to 12 Years Skateboard","Children","Decathlon",59.99,"MALE","5-10; 11-17",false,""
"cmu5jnh6t011eksb0dbgw3ogk",579,"Kids Interactive, Inflatable LED Punch Bag","Children","The Range",59.99,"MALE","5-10; 11-17",false,""
"cmu5jnhqh011gksb0gi84o6o9",580,"OXELO Kids' Scooter","Children","Decathlon",69.99,"MALE","5-10; 11-17",false,""
"cmu5jnizl011jksb0p1yrzqwz",581,"Spiekball Pro Set","Children","Lightning Sports",79.95,"MALE","5-10; 11-17",false,""
"cmu5jnjv3011lksb0rmqy7ahd",582,"Discovering Stem - Architecture Set","Children","The Range",99.99,"MALE","5-10; 11-17",false,""
"cmu5jnkh9011oksb0isheit1h",583,"Personalised Rag Doll, Brook","Children","Babyblooms",32,"FEMALE","18+",false,""
"cmu5jnl6l011qksb0m8t0spij",584,"Mini 3in1 Deluxe Ride On Scooter, Pink","Children","John Lewis",109.95,"FEMALE","18+",false,""
"cmu5jnlnm011sksb0tyvfw2cq",585,"Pokemon Pikachu 8" Plush Soft Toy","Children","John Lewis",13.99,"UNISEX","18+",false,""
"cmu5jnly1011uksb05ws4vtuf",586,"Peppa Pig Wooden Tea Party Set","Children","John Lewis",16.99,"FEMALE","18+",false,""
"cmu5jnma3011wksb0lipqngmh",587,"Djeco Musical Boxes - Melody of the Woods","Children","Crafts 4 Kids",24.5,"FEMALE","18+",false,""
"cmu5jnmx6011zksb09xbx8c01",588,"Liewood - Lennart Doctor Set","Children","No.14 Ampthill",28,"FEMALE","18+",false,""
"cmu5jnnhm0122ksb0gki4edfh",589,"Strawberry Basket Bag","Children","Meri  Meri",36,"FEMALE","18+",false,""
"cmu5jnnsk0124ksb0r8020rki",590,"Fairy Wings Costume","Children","Meri  Meri",30,"FEMALE","18+",false,""
"cmu5jno2n0126ksb05yhal8vg",591,"Bluey 3 in 1 Transforming Plane","Children","The Entertainer",45,"UNISEX","18+",false,""
"cmu5jnomr0128ksb04ohomgg4",592,"Bluey's Family House with Memory Game","Children","Lego",59.99,"FEMALE","18+",false,""
"cmu5jnpag012aksb0cdn5xz1f",593,"Djeco Wooden Toy Piano","Children","Crafts 4 Kids",76.49,"UNISEX","18+",false,""
"cmu5jnq4b012dksb0s5j6zhrr",594,"BANWOOD BALANCE BIKE FIRST GO VINTAGE - PINK","Children","Banwood",109,"FEMALE","18+",false,""
"cmu5jnqee012fksb0ebi0irxx",595,"Djeco Do It Yourself - Funky Family - 15 Magnets to Decorate","Children","Crafts 4 Kids",13.99,"FEMALE","18+",false,""
"cmu5jnqod012hksb0i8fp29nk",596,"Djeco Inspired By Frida Kahlo - 3D Pictures","Children","Crafts 4 Kids",15.75,"FEMALE","18+",false,""
"cmu5jnrbz012kksb07b3fnb0t",597,"Pink PAW Patrol Skye Backpack","Children","Next",21,"FEMALE","18+",false,""
"cmu5jnrns012mksb0qhv0fjmx",598,"Wooden Shuffleboard & Puck 2 in 1 Game","Children","Crafts 4 Kids",26.5,"FEMALE","18+",false,""
"cmu5jnsaa012pksb0oj4477ku",599,"Great Pretenders The 5th Avenue Paillette Cape","Children","Daisy Daisy",32,"FEMALE","18+",false,""
"cmu5jnvfq012sksb0n5tnbr8f",600,"Liewood Dante Silicone Beach Set","Children","Alf & Co",39,"UNISEX","18+",false,""
"cmu5jnx16012uksb0ozjhokkp",601,"Vtech Kidi® Dj Drums","Children","hamleys.com",59.99,"UNISEX","18+",false,""
"cmu5jnyby012wksb0t41nf8vu",602,"Vtech Kidizoom Printcam","Children","hamleys.com",79.99,"UNISEX","18+",false,""
"cmu5jnyn0012yksb02vx4u592",603,"EUGY Whale Shark - Kids Cardboard Craft Kit","Children","Crafts 4 Kids",6.99,"UNISEX","18+",false,""
"cmu5jo52f0130ksb0cz92lhwd",604,"Janod Kawaii Create Your Own Origami Boxes","Children","Crafts 4 Kids",8.5,"FEMALE","18+",false,""
"cmu5jo5fs0132ksb015b13hk0",605,"Moulin Roty Giant Soap Bubbles Set","Children","Crafts 4 Kids",29.99,"FEMALE","18+",false,""
"cmu5jo5pg0134ksb061i7n3a5",606,"K-Pop Demon Hunters HUNTR/X Rumi","Children","Very.co.uk",29.99,"FEMALE","18+",false,""
"cmu5jo6iw0137ksb07zj8rkwi",607,"KIDYKARAOKE Portable Karaoke Speaker Green by Kidywolf","Children","Little Concepts",64.98,"FEMALE","18+",false,""
"cmu5jo6sy0139ksb08ueu9s1h",608,"Power Pony Electric Ride On Princess","Children","Smyths Toys",399.99,"FEMALE","18+",false,""
"cmu5jo731013bksb0dbch1pkh",609,"Aerobie Pro Ring","Children","Oddballs",12.99,"UNISEX","5-10; 11-17",false,""
"cmu5jo7mu013eksb0vwovwpcs",610,"Quad Roller Skates","Children","Oli's Skate Shop",39.95,"FEMALE","5-10; 11-17",false,""
"cmu5jo87d013hksb0tzl02y4z",611,"Skate Lesson","Children","Bay Sixty56",49,"UNISEX","5-10; 11-17",false,""
"cmu5jo8hk013jksb08wpgcnsx",612,"OXELO Kids' Scooter","Children","Decathlon",69.99,"UNISEX","5-10; 11-17",false,""
"cmu5jo8rj013lksb03mv7r1yc",613,"The Craft Adventure Box","Children","thecraftadventurebox.com",20,"UNISEX","5-10; 11-17",false,""
"cmu5jo9bd013oksb0bxu9jtr4",614,"History Subscription Box for ages 6-11; learn through story driven adventures","Children","Mysteries in Time",15,"UNISEX","5-10; 11-17",false,""