Row	Product ID	Name	Current	Corrected	Reasoning
2636	cmu3qqwnp06s3tcod14mp5h07	"KEW Terracotta Dish Planter Set"	"Plant Pot"	"Lifestyle & Wellbeing > Wellness & self-care"	"Gift set, general"
2697	cmu3qqwnq06s7tcodil4v3b61	"KEW Terracotta Pot | Medium"	"Plant Pot"	"Home, Style & Objects > Fashion & accessories"	"Default fashion/accessory"
2698	cmu3qqwnp06s5tcodximz1q92	"KEW Terracotta Pot | Petite"	"Plant Pot"	"Home, Style & Objects > Fashion & accessories"	"Default fashion/accessory"
2699	cmu3qqwnq06s9tcod2dh4ll2d	"KEW Terracotta Pot | Large"	"Plant Pot"	"Home, Style & Objects > Fashion & accessories"	"Default fashion/accessory"
2712	cmu3qrqhi06tftcodrqs4s1jo	"Stove Utensil Jar"	"Utensil Jar"	"Home, Style & Objects > Fashion & accessories"	"Default fashion/accessory"
2718	cmu3qrqhl06tptcodiiqpqng8	"Hair Scrunchie | Neutral Tones"	"Hair Scrunchie"	"Home, Style & Objects > Fashion & accessories"	"Default fashion/accessory"
2720	cmu3qrqhn06tttcodfytkwya9	"ITHACA Colander"	"Colander"	"Lifestyle & Wellbeing > Wellness & self-care"	"Gift set, general"
2728	cmu3qrqhx06uptcodnl71hdo9	"Bottle Opener"	"Bottle Opener"	"Home, Style & Objects > Fashion & accessories"	"Default fashion/accessory"
2731	cmu3qrqhw06untcod8022zmf6	"Citrus Press"	"Citrus Press"	"Home, Style & Objects > Fashion & accessories"	"Default fashion/accessory"
2801	cmu3qq4el06kttcodbh8pygel	"Polished Jute Ball | 250g"	"Jute Ball"	"Home, Style & Objects > Fashion & accessories"	"Default fashion/accessory"
2803	cmu3qrqhz06uxtcodupv4i5mm	"Wooden Dish Head | Replacement Head"	"Dish Brush"	"Home, Style & Objects > Fashion & accessories"	"Default fashion/accessory"
2805	cmu3qq4et06lltcod1m24wqa2	"Flax Yarn Holder"	"Flax Yarn Holder"	"Home, Style & Objects > Fashion & accessories"	"Default fashion/accessory"
2807	cmu3qqwn606pttcodxtz1zm1v	"Wooden Spatula"	"Spatula"	"Home, Style & Objects > Fashion & accessories"	"Default fashion/accessory"
2809	cmu3qshm106zftcodbbc1h9hm	"Wooden Dish Drainer"	"Wooden Dish Drainer"	"Home, Style & Objects > Fashion & accessories"	"Default fashion/accessory"
2810	cmu3qrqhs06u9tcod9mok3uqu	"Multi-Purpose Cleaning Cloths"	"Cleaning Cloths"	"Home, Style & Objects > Fashion & accessories"	"Default fashion/accessory"
2813	cmu3qrqhi06tdtcodmci6vdyg	"Marmalade Jar"	"Utensil Jar"	"Home, Style & Objects > Fashion & accessories"	"Default fashion/accessory"
2814	cmu3qrqhg06t3tcodggwn248u	"Wooden Cooking Spoon"	"Spoons"	"Home, Style & Objects > Fashion & accessories"	"Default fashion/accessory"
2815	cmu3qrqhk06tntcodvhlstyq9	"Denim Style Fabric Scrunchie"	"Hair Scrunchie"	"Home, Style & Objects > Fashion & accessories"	"Default fashion/accessory"
2952	cmu3q8pw60321tcodmuivwcq8	"Vintage Rose Key Strap"	"Miscellanous"	"Home, Style & Objects > Fashion & accessories"	"Default fashion/accessory"
3008	cmu3q4ogo0267tcodaw90qqcr	"Broderie Handkerchief"	"All Products Exc. Food & Drinks"	"Lifestyle & Wellbeing > Wellness & self-care"	"Gift set, general"
3010	cmu3q4ogm025ztcodu1umyfi9	"Sticker Pack"	"All Products Exc. Food & Drinks"	"Lifestyle & Wellbeing > Wellness & self-care"	"Gift set, general"
3019	cmu3q1ej001k5tcodqsk6xx0z	"Vintage Rose Dog Bandana"	"Pet Accessories"	"Home, Style & Objects > Fashion & accessories"	"Default fashion/accessory"
3040	cmu3q0kin01jftcodd4qad5xl	"Vintage Rose Dog Lead"	"Pet Accessories"	"Home, Style & Objects > Fashion & accessories"	"Default fashion/accessory"
3149	cmu3q4ogr026ntcodmi93nzns	"Owala FreeSip 0.45L / 16oz Water Bottle"	"6-8 yrs"	"Lifestyle & Wellbeing > Wellness & self-care"	"Gift set, general"
3327	cmu3q0kin01jhtcodcletub5e	"Vintage Rose Dog Collar"	"Pet Accessories"	"Home, Style & Objects > Fashion & accessories"	"Default fashion/accessory"
3339	cmu3q7ys102xftcod325up8bp	"Amla Juice"	""	"Home, Style & Objects > Fashion & accessories"	"Default fashion/accessory"
3354	cmu3q1ejc01lxtcodb7x01nxb	"Multi Mushroom Daily Immune Defense"	""	"Home, Style & Objects > Fashion & accessories"	"Default fashion/accessory"
3356	cmu3qa7x403c9tcod3f9toedn	"AG1 Travel Packs"	""	"Home, Style & Objects > Fashion & accessories"	"Default fashion/accessory"
3364	cmu3q7ys202xhtcodosw6jmcw	"Amazfit Amazfit Balance 2"	""	"Home, Style & Objects > Fashion & accessories"	"Default fashion/accessory"
3365	cmu3q9gwt038btcod0c9oa9wo	"Grass-fed Beef Organs"	""	"Home, Style & Objects > Fashion & accessories"	"Default fashion/accessory"
3366	cmu3q9gwo037ltcodq6b07f25	"Apollo Neuro Apollo® Wearable + SmartVibes™ AI Membership - Twilight"	""	"Home, Style & Objects > Fashion & accessories"	"Default fashion/accessory"
3367	cmu3qayvo03gftcodfaci4q2q	"True Biome Jar"	""	"Home, Style & Objects > Fashion & accessories"	"Default fashion/accessory"
3370	cmu3qayuw03f9tcod5kfiqygs	"Vitamin C+Probiotics"	""	"Home, Style & Objects > Fashion & accessories"	"Default fashion/accessory"
3374	cmu3py7dj00y3tcod1lvthb0z	"Ancient Nutrition Rapid Hydration Powder - Lemon Lime"	""	"Home, Style & Objects > Fashion & accessories"	"Default fashion/accessory"
3375	cmu3qaywc03j7tcod2di44t0s	"Vegetarian Collagen Peptides Powder"	""	"Home, Style & Objects > Fashion & accessories"	"Default fashion/accessory"
3376	cmu3q1ejr01ojtcod07ou4ucz	"Multi Collagen Protein - Pure"	""	"Home, Style & Objects > Fashion & accessories"	"Default fashion/accessory"
3377	cmu3q4ogp026htcodo83p4cts	"Bone Broth Collagen - Pure"	""	"Home, Style & Objects > Fashion & accessories"	"Default fashion/accessory"
3378	cmu3q3v0r024ftcodxw31hfj2	"Multi Collagen Protein Beauty Within"	""	"Home, Style & Objects > Fashion & accessories"	"Default fashion/accessory"
3379	cmu3q27zu01pntcodxhbesan0	"Men's Multi"	""	"Home, Style & Objects > Fashion & accessories"	"Default fashion/accessory"
3380	cmu3pzqn10191tcod8tkw612n	"Activated Charcoal Powder"	""	"Home, Style & Objects > Fashion & accessories"	"Default fashion/accessory"
3384	cmu3qa7we0391tcod5a2xrw4b	"Grass-Fed Beef Spleen"	""	"Home, Style & Objects > Fashion & accessories"	"Default fashion/accessory"
3711	cmu3qcggw03s1tcodkbfd9gqg	"24-Hour Eyeshadow and Liner 1.64g"	""	"Home, Style & Objects > Fashion & accessories"	"Default fashion/accessory"
3716	cmu3q8pvo030xtcodis62xjb8	"7 Elixir 50ml"	""	"Home, Style & Objects > Fashion & accessories"	"Default fashion/accessory"
3717	cmu3qcggo03qttcod0fn5ym5h	"50 Angled Eye Lining Brush"	""	"Home, Style & Objects > Fashion & accessories"	"Default fashion/accessory"
3718	cmu3qcggq03r5tcod09rlc2t8	"3D Eyelash Mascara Waterproof 4.2g"	""	"Home, Style & Objects > Fashion & accessories"	"Default fashion/accessory"
3720	cmu3qcggq03r1tcodk50h6ioo	"37 Bronzer Brush"	""	"Home, Style & Objects > Fashion & accessories"	"Default fashion/accessory"
3724	cmu3qlh9o05nttcodz8ta9nek	"100 Precision Brush"	""	"Home, Style & Objects > Fashion & accessories"	"Default fashion/accessory"
3725	cmu3qcgh103svtcod0lda25vw	"23 Angled Crease Contour Brush"	""	"Home, Style & Objects > Fashion & accessories"	"Default fashion/accessory"
3728	cmu3qcggn03qjtcodkefhlogr	"40 Medium Laydown Brush"	""	"Home, Style & Objects > Fashion & accessories"	"Default fashion/accessory"
3729	cmu3qcggn03qltcoduplnwdgg	"54 Va Va Voom Smudge Brush"	""	"Home, Style & Objects > Fashion & accessories"	"Default fashion/accessory"
3732	cmu3qcggj03pvtcodo13zwm5t	"65 Angled Contour Brush"	""	"Home, Style & Objects > Fashion & accessories"	"Default fashion/accessory"
4017	cmu3q3v0a021ntcodb4dwfkj8	"24-Hour Eyeshadow and Liner 1.64g"	""	"Home, Style & Objects > Fashion & accessories"	"Default fashion/accessory"
4019	cmu3q3v01020ftcodrr0b71x8	"7 Elixir 100ml"	""	"Home, Style & Objects > Fashion & accessories"	"Default fashion/accessory"
4020	cmu3q3v0b021ttcod1wbtgs75	"29 Tapered Blending Brush"	""	"Home, Style & Objects > Fashion & accessories"	"Default fashion/accessory"
4022	cmu3qcggv03rttcod0mqpjnfa	"3-Ply Stainless Steel Square Roaster"	""	"Home, Style & Objects > Fashion & accessories"	"Default fashion/accessory"
4024	cmu3qcggo03qptcod0j71fvvd	"5 Powder Brush"	""	"Home, Style & Objects > Fashion & accessories"	"Default fashion/accessory"
4042	cmu3qcggv03rvtcodkvlfvtx7	"3-Ply Stainless Steel Sauté Pan with Lid"	""	"Home, Style & Objects > Fashion & accessories"	"Default fashion/accessory"
4250	cmu3qcggr03r7tcodukq6472t	"3D Eyelash Mascara 4.2g"	""	"Home, Style & Objects > Fashion & accessories"	"Default fashion/accessory"
4253	cmu3qcggs03rhtcodasfwckda	"3-Ply Stainless Steel Rectangular Roaster"	""	"Home, Style & Objects > Fashion & accessories"	"Default fashion/accessory"
4255	cmu3qcggs03rftcod3q7xhug1	"3-Dot Round Sunglasses"	""	"Home, Style & Objects > Fashion & accessories"	"Default fashion/accessory"
4257	cmu3qcggx03sbtcod651u4t4x	"24-Hour Eyeshadow and Liner 1.64g"	""	"Home, Style & Objects > Fashion & accessories"	"Default fashion/accessory"
4263	cmu3qcggw03s7tcodxh3cx2s7	"2PK Peacock Garden 45x45cm Napkin"	""	"Home, Style & Objects > Fashion & accessories"	"Default fashion/accessory"
4536	cmu3qcggk03q3tcodfnxwibvj	"62 Fan Brush"	""	"Home, Style & Objects > Fashion & accessories"	"Default fashion/accessory"
4580	cmu3qd71u03wptcodvw7aqm8z	"200 Medium Precision Brush"	""	"Home, Style & Objects > Fashion & accessories"	"Default fashion/accessory"
4740	cmu3qcggp03qvtcodasq5uxc8	"48 Blending Brush"	""	"Home, Style & Objects > Fashion & accessories"	"Default fashion/accessory"
4748	cmu3qcggu03rptcodaosjdyip	"300 Large Precision Brush"	""	"Home, Style & Objects > Fashion & accessories"	"Default fashion/accessory"